person_id_random,device_model,hasDualSim,hasWlan,hasBluetooth,mkopo_version_name,android_version
8548843141,samsung-GT-S6802,0,1,0,3.1,2.3.6
5334896838,unknown-TECNO P3,1,0,0,2.1,2.3.5
4656062708,samsung-GT-S5830i,0,1,0,2.1,2.3.6
2283557917,samsung-GT-I9500,0,1,1,2.1,4.3
8449258035,samsung-GT-I9152,0,1,1,3.4,4.2.2
4017268696,itel-itel it1403+,0,1,1,3.5,4.4.2
5585643436,HUAWEI-HUAWEI P6-U06,0,1,1,2.0,4.2.2
4239791639,unknown-TECNO P3S,0,0,0,2.1,2.3.5
3342477379,samsung-GT-S7580,0,1,1,3.1,4.2.2
5346231779,TECNO-TECNO H6,0,0,1,3.0,4.4.2
3884829185,alps-TECNO Q1,1,1,0,2.1,4.0.4
7357826278,samsung-GT-S7560,0,1,1,2.1,4.0.4
3670141772,samsung-GT-N7100,0,1,1,3.0,4.3
1817487983,samsung-GT-S7562,1,1,1,2.2,4.0.4
8521033508,unknown-TECNO P3,1,1,0,2.1,2.3.5
5799676461,samsung-GT-S5570I,0,0,0,2.1,2.3.6
2528750026,TECNO-TECNO_N7,1,1,1,2.2,4.0.4
5330295937,unknown-TECNO P3,0,1,0,3.3,2.3.5
7777374938,alps-TECNO M3,1,0,1,2.1,4.2.2
4552401360,samsung-GT-S5830i,0,0,0,2.1,2.3.6
7177006216,HUAWEI-HUAWEI Y511-U10,0,1,1,3.5,4.2.2
1978413484,samsung-GT-I9500,0,1,1,2.1,4.3
7734209346,samsung-GT-N7100,0,1,1,3.0,4.1.2
3995102460,samsung-GT-S5570I,0,1,0,2.2,2.3.6
6386473095,samsung-GT-I9100,0,1,0,3.3,4.0.4
1183321030,samsung-GT-S5301,0,1,1,2.1,4.0.4
5377931105,HUAWEI-U8860,0,1,1,2.2,2.3.6
2358807840,alps-TECNO P5,1,1,1,3.3,4.2.2
5868139297,samsung-GT-S5300,0,1,1,2.1,2.3.6
6100057929,unknown-TECNO P3,1,1,0,2.1,2.3.5
2683538279,TCT-ALCATEL ONE TOUCH 5020D,1,1,1,3.3,4.1.1
9236601044,,,0,0,,
7444746096,unknown-TECNO P3S,0,1,0,2.1,2.3.5
4105742558,samsung-GT-S5300,0,1,0,2.1,2.3.6
7640935498,unknown-TECNO N3S,0,1,0,2.2,2.3.5
7125219495,Mi-A401-Mi-A401,1,1,0,2.1,4.0.4
3206224066,sprd-iNote mini,0,0,0,2.0,2.3.5
8677322348,samsung-GT-S5300,0,1,0,2.1,2.3.6
1482204423,samsung-GT-S5830i,0,1,0,2.1,2.3.6
4530705086,samsung-GT-S5300,0,0,0,2.1,2.3.6
5521864872,samsung-GT-I9300,0,1,1,2.1,4.3
9401390636,LGE-LG-P705,0,1,1,2.1,4.0.3
7780990687,unknown-TECNO P3,1,0,0,2.1,2.3.5
7540101434,LGE-LG-E400,0,1,0,2.1,2.3.6
6526183719,unknown-TECNO P3S,0,1,0,2.1,2.3.5
4950043625,unknown-TECNO P3S,0,1,0,2.1,2.3.5
1096962239,unknown-TECNO N3,1,1,0,2.1,2.3.5
8128789355,alps-TECNO S3,1,1,1,2.1,4.2.2
1299427536,samsung-GT-S5300,0,1,0,2.1,2.3.6
2916523599,samsung-GT-S7580,0,1,1,2.1,4.2.2
9453964086,unknown-TECNO P3,0,1,0,2.1,2.3.5
5482790346,HUAWEI-HUAWEI Y210-0100,0,0,1,2.0,2.3.6
9504924784,unknown-TECNO P3S,0,0,0,2.1,2.3.5
1512836830,alps-TECNO F7,1,1,1,2.1,4.2.1
1612135424,samsung-GT-S7562,1,1,1,3.1,4.0.4
3929235228,TCT-ALCATEL ONE TOUCH 918D,1,1,0,2.1,2.3.6
8057731840,samsung-GT-S5570,0,1,0,2.1,2.3.6
4966440067,samsung-GT-S6102,0,1,0,2.1,2.3.6
5108315568,samsung-GT-S6312,0,1,1,2.1,4.1.2
2673538543,samsung-GT-I9100,0,1,1,2.1,4.0.3
7777626093,TCT-ALCATEL ONE TOUCH 4010X,0,0,0,2.1,2.3.6
3764746080,SageReal-TECNO H5,1,1,1,2.1,4.2.2
2524200246,SageReal-TECNO H5,1,1,1,3.0,4.2.2
7717500506,HUAWEI-U8185,0,0,0,2.1,2.3.6
4042481303,SageReal-TECNO H5,1,0,1,2.1,4.2.2
6295166250,unknown-TECNO P3,0,1,0,2.1,2.3.5
8362192538,HUAWEI-HUAWEI Y210-0100,0,1,0,2.1,2.3.6
2381042959,LGE-LG-E405,1,1,0,2.1,2.3.6
4421733789,alps-TECNO F7,1,1,1,2.1,4.2.1
4943128258,LGE-LG-E400,0,1,0,2.1,2.3.6
4088430688,HUAWEI-U8185,0,0,0,2.1,2.3.6
8806418646,SageReal-TECNO M3S,0,0,1,2.1,4.2.2
9725100582,TCT-ALCATEL ONE TOUCH 918,0,1,0,2.1,2.3.6
7801042321,samsung-SM-N900,0,1,1,2.1,4.2.2
6297081953,TECNO-TECNO N3,1,0,0,2.1,4.0.4
2063379792,samsung-GT-S5360,0,1,0,2.5,4.1.1
6133370972,samsung-GT-S7580,0,1,1,2.1,4.2.2
8763192932,unknown-TECNO P3S,0,0,0,2.1,2.3.5
2662659101,samsung-GT-S7560,0,1,1,2.1,4.0.4
1537018341,alps-TECNO M3,1,1,1,2.2,4.2.2
1957977001,SageReal-TECNO P5S,0,0,1,2.1,4.2.2
8719891162,samsung-GT-S5300,0,1,0,2.1,2.3.6
3577835738,samsung-GT-S7562,1,1,1,2.1,4.0.4
8425972319,samsung-GT-S7580,0,1,1,2.1,4.2.2
4002742728,alps-GT-I9190,0,0,1,2.1,4.2.2
5825472282,unknown-TECNO N3S,0,0,0,2.1,2.3.5
9504846186,HUAWEI-HUAWEI Y210-0100,0,1,0,2.1,2.3.6
3225694348,samsung-GT-S5830i,0,0,0,2.1,2.3.6
1177471131,unknown-TECNO P3S,0,1,0,2.1,2.3.5
8406400743,unknown-TECNO P3S,0,0,0,2.1,2.3.5
7234829584,Spreadtrum-iNote beyond,0,0,0,2.1,4.1.2
7284641061,LGE-LG-E440,0,1,1,3.3,4.1.2
6897561002,sprd-SPHS on Hsdroid,0,0,0,2.1,2.3.5
1090396622,alps-GT-I9500,0,0,1,2.1,4.2.2
1516706338,alps-GT-I9500,0,1,0,2.1,4.4.4
2830334836,samsung-GT-S5300,0,1,0,2.5,2.3.6
1316512614,sprd-iNote beyond,0,1,0,2.1,2.3.5
9046729670,LGE-LG-E405,1,1,0,2.1,2.3.6
9193097824,SageReal-TECNO H5,1,0,1,2.1,4.2.2
9513977406,LGE-LG-P713,0,1,1,2.1,4.1.2
8296490133,TCT-ALCATEL ONE TOUCH 4010X,0,1,0,2.1,2.3.6
3624329372,HUAWEI-HUAWEI Y210-0100,0,1,0,2.1,2.3.6
7537202594,HUAWEI-HUAWEI Y210-0100,0,1,0,2.1,2.3.6
3565083094,samsung-GT-S5570I,0,0,0,2.1,2.3.6
3294533408,samsung-GT-S5302,0,1,0,3.0,2.3.6
1983538252,HUAWEI-HUAWEI Y511-U10,0,1,1,2.1,4.2.2
6130454619,samsung-SM-N900,0,1,1,3.3,4.4.2
8948452846,samsung-GT-I9500,0,1,1,3.3,4.4.2
5534019509,alps-TECNO P5,1,0,1,2.1,4.2.2
8470817553,HUAWEI-HUAWEI Y300-0100,0,1,1,3.4,4.1.1
5638293141,SageReal-TECNO P5S,0,0,1,2.1,4.2.2
3219677874,sprd-Vinko,0,0,0,2.1,4.2
3584380224,SageReal-TECNO H5,1,0,1,2.1,4.2.2
6845264174,sprd-SPHS on Hsdroid,0,1,0,2.1,2.3.5
4146622581,samsung-GT-S7560,0,1,1,2.1,4.0.4
6461406501,alps-TECNO P5,1,1,1,2.1,4.2.2
7585759305,TCT-ONE TOUCH 4015X,0,1,1,2.1,4.2.2
9553513134,alps-TECNO M3,1,0,1,2.1,4.2.2
1782793085,intel-BT210,0,1,1,3.1,4.0.4
2515000128,alps-TECNO F7,1,1,1,2.4,4.2.1
7152353641,SageReal-TECNO H5,1,1,1,2.2,4.2.2
5095473176,samsung-SM-N900,0,1,1,3.4,4.4.2
6620932848,LGE-LG-E400,0,1,0,2.1,2.3.6
1775406254,itel-itel IT1351E,0,0,0,2.1,4.1.2
5359782636,samsung-GT-S7580,0,1,1,3.2,4.2.2
2151054057,alps-TECNO M3,1,1,1,2.2,4.2.2
5777469792,samsung-GT-S7580,0,1,1,2.1,4.2.2
3110924673,samsung-SAMSUNG-SM-G900A,0,1,1,2.1,4.4.2
7664147584,SageReal-TECNO P5S,0,1,1,3.2,4.2.2
6268509017,TCT-ALCATEL ONE TOUCH 5036D,1,1,1,2.1,4.2.2
8141294915,samsung-GT-S5300,0,1,1,2.1,2.3.6
2278919539,SageReal-H7,1,0,1,2.1,4.2.2
1672596057,HUAWEI-HUAWEI Y320-U30,1,0,1,2.1,4.2.2
3939663286,alps-TECNO F7,1,1,1,3.4,4.2.1
3435646267,HUAWEI-HUAWEI Y210-0100,0,1,0,3.3,2.3.6
4167056538,samsung-GT-S6790,0,1,1,2.1,4.1.2
8165102081,TECNO-P3,1,0,0,2.1,4.0.4
9854161442,Nokia-Nokia_X,1,1,0,2.1,4.1.2
2552675755,alps-TECNO P5,1,1,1,3.4,4.2.2
5826558835,Sony-C6603,0,1,1,2.2,4.4.4
8082067022,samsung-GT-I9152,0,1,1,3.3,4.2.2
8092607634,LGE-LG-E405,1,1,1,3.3,2.3.6
1280507511,alps-S205EDA,1,1,1,2.1,4.2.2
7378814827,samsung-GT-S7580,0,1,1,3.1,4.2.2
5309412184,samsung-SM-N900,0,1,1,2.1,4.4.2
1459514671,alps-TECNO S3,1,1,1,2.1,4.2.2
5085179989,samsung-SM-G355H,0,1,1,3.3,4.4.2
8845067238,intel-BT210,0,1,1,3.5,4.0.4
8392403933,unknown-TECNO N3S,0,1,0,2.1,2.3.5
8839970497,LGE-LG-E400,0,1,0,3.2,2.3.6
5916800459,IS-50-IS-50,0,1,0,2.1,4.2.2
5255086303,samsung-GT-I9100G,0,1,0,3.1,2.3.4
2693128770,alps-GT-I9190,0,0,1,2.1,4.4.4
8041467929,samsung-GT-S7580,0,1,1,2.1,4.2.2
7549961913,unknown-TECNO P3,1,0,0,2.1,2.3.5
7093035860,TCT-ALCATEL ONE TOUCH 4010X,0,1,0,2.1,2.3.6
6456476162,samsung-GT-S5300,0,0,0,2.1,2.3.6
7318322753,SAMSUNG-GT-I8262,0,1,1,2.1,4.1.2
1654887836,SageReal-TECNO P5S,0,1,1,3.0,4.2.2
8540590529,Micromax-TECNO M5,1,1,1,3.4,4.2.2
5120292396,samsung-GT-B5512,0,1,0,2.1,2.3.6
5647000446,unknown-TECNO N3,1,1,0,3.1,2.3.5
6525704875,alps-TECNO M3,1,1,1,2.1,4.2.2
7958178899,alps-GT-I9190,0,1,1,2.2,4.4.4
1868497628,SageReal-TECNO H5,1,1,1,2.2,4.2.2
2612671805,LGE-LG-E400,0,0,0,2.1,2.3.6
9047422306,TCT-ALCATEL ONE TOUCH 5036X,0,0,1,2.1,4.2.2
8751507835,samsung-GT-S6790,0,1,1,3.3,4.1.2
8210123264,alps-TECNO P5,1,1,1,3.2,4.2.2
5248964653,unknown-TECNO P3,0,1,0,2.1,2.3.5
5810007060,samsung-GT-S5830i,0,1,0,2.2,2.3.6
1832279919,samsung-GT-I8160,0,1,0,2.1,2.3.6
5476885599,TCT-ALCATEL ONE TOUCH 5036D,1,1,1,2.1,4.2.2
2876398156,ZTE-ZTE-Z990G,0,1,0,2.1,2.3.5
4198273826,TCT-ALCATEL ONE TOUCH 5036X,0,1,1,2.1,4.2.2
1180207250,unknown-TECNO P3,0,0,0,2.1,2.3.5
9477378963,HUAWEI-U8185,0,0,0,2.1,2.3.6
5809370917,TECNO-TECNO-H3,0,1,1,3.5,4.4.2
3480756825,LGE-LG-E615,1,0,0,2.1,4.0.4
7555552124,SageReal-TECNO P5S,0,0,1,3.1,4.2.2
9611014004,HUAWEI-HUAWEI Y330-U01,0,1,1,2.1,4.2.2
9200350130,unknown-TECNO P3,0,0,0,2.1,2.3.5
9516909367,samsung-GT-S5301,0,1,0,2.1,4.0.4
2609792976,alps-GT-I9190,0,0,1,2.4,4.4.4
9377789718,Spreadtrum-iNote beyond,0,0,0,2.2,4.1.2
9821765598,unknown-TECNO P3,0,1,0,2.5,2.3.5
9229511691,TCT-ONE TOUCH 4015X,0,1,1,2.2,4.2.2
4396948561,samsung-GT-S7392,0,1,1,2.2,4.1.2
7419788148,TCT-ALCATEL ONE TOUCH 918,0,0,0,2.2,2.3.6
6149299222,HUAWEI-U8185,0,0,0,2.1,2.3.6
3753586759,samsung-GT-S6790,0,1,1,2.2,4.1.2
3278293306,samsung-GT-I9100,0,0,0,2.2,2.3.3
7258285849,samsung-GT-S6790,0,1,1,2.2,4.1.2
6754950264,samsung-GT-S5570I,0,1,0,3.2,2.3.6
5815782196,Nokia-Nokia_X,1,0,0,2.2,4.1.2
5468470748,HUAWEI-HUAWEI Y320-U10,0,1,1,2.2,4.2.2
3174864023,samsung-GT-S6790,0,1,1,2.2,4.1.2
7930805770,samsung-GT-S7580,0,1,1,2.1,4.2.2
5517270647,alps-TECNO D3,1,1,0,2.2,2.3.6
5833760454,samsung-GT-S6790,0,1,1,3.3,4.1.2
5781022158,samsung-GT-I9205,0,1,1,2.1,4.2.2
9896789006,samsung-GT-S5830i,0,1,0,2.2,2.3.6
3401108129,SageReal-TECNO P5S,0,0,1,2.2,4.2.2
1084690398,TECNO-TECNO_P5_PLUS,0,0,1,3.1,4.4.2
7386434289,LGE-LG-E400,0,1,1,2.2,2.3.6
2990883566,TECNO-TECNO-A7,0,1,1,2.4,4.4.2
3523225738,samsung-SHV-E220S,0,1,1,2.4,4.1.2
3744930975,samsung-GT-S6790,0,1,1,2.4,4.1.2
9789281998,Micromax-Micromax A120,0,1,1,2.5,4.4.2
6887884618,Nokia-Nokia_X,1,1,0,2.4,4.1.2
2327560619,Micromax-TECNO M5,1,0,1,3.1,4.2.2
8394030931,LGE-LG-E440,0,1,0,3.4,4.1.2
6687103750,Micromax-TECNO M5,1,1,1,3.3,4.2.2
6768006410,samsung-GT-I8262,0,1,1,3.1,4.1.2
3555490492,samsung-GT-S7580,0,1,1,2.5,4.2.2
6033880411,samsung-GT-I8262,0,1,1,3.3,4.1.2
8278230987,samsung-GT-I9500,0,1,1,2.1,4.4.2
2876643470,TECNO-TECNO P6,0,1,1,3.2,4.4.2
9881053673,SageReal-TECNO H5,1,1,1,3.5,4.2.2
5903857819,TCT-ONE TOUCH 4015D,1,1,1,2.5,4.2.2
2046310222,samsung-GT-S7580,0,1,1,3.0,4.2.2
6108121189,HUAWEI-HUAWEI G6-U10,0,1,1,2.5,4.3
5126578428,samsung-GT-I9060I,0,1,1,3.3,4.4.4
2795350446,samsung-SM-G7102,0,1,1,3.0,4.3
7573861449,HUAWEI-HUAWEI Y330-U01,0,1,1,3.1,4.2.2
8291626998,Micromax-TECNO M5,1,1,1,3.1,4.2.2
6774434683,intel-BT210,0,0,1,2.5,4.0.4
1704712487,alps-TECNO P5,1,0,1,3.1,4.2.2
7839108662,samsung-GT-N7100,0,1,1,3.4,4.3
3307407390,CUBOT-S168,0,1,1,2.5,4.4
9308939887,LGE-LG-E612,0,1,1,3.4,4.1.2
5923715507,samsung-GT-I9082,0,1,1,3.5,4.1.2
1289196041,Infinix-Infinix X502,0,1,1,3.2,4.2.1
1023186466,LGE-LG-E440,0,1,0,3.3,4.1.2
3686319819,samsung-GT-I9305,0,1,1,2.5,4.3
1272813046,SageReal-TECNO P5S,0,1,1,3.0,4.2.2
4097229256,samsung-GT-I9300,0,1,1,3.4,4.3
5331332312,samsung-GT-S5300,0,0,0,3.4,2.3.6
5783698569,HUAWEI-HUAWEI Y320-U10,0,1,1,3.3,4.2.2
5747178338,Sony-D2302,0,1,1,3.5,4.4.4
9804175165,HTC-HTC Desire 816,0,1,1,3.4,5.0.2
7691808756,TECNO-TECNO F6,0,0,1,3.0,4.4.2
8485736177,samsung-GT-I9300,0,1,1,3.0,4.1.2
5345006498,unknown-TECNO P3S,0,0,0,3.0,2.3.5
8315543219,alps-TECNO R7,1,0,1,3.5,4.2.2
3413480258,samsung-SM-G900H,0,1,1,3.0,4.4.2
3640580591,samsung-SM-G355H,0,1,1,3.0,4.4.2
1212953829,HUAWEI-HUAWEI Y210-0100,0,1,0,3.4,2.3.6
2048939339,samsung-SM-G7102,0,1,1,3.3,4.4.2
3149006688,HTC-HTC Desire 816,0,1,1,3.3,4.4.2
6690203041,samsung-GT-S5830,0,1,0,3.1,2.3.4
3394363896,samsung-GT-S6790,0,1,1,3.1,4.1.2
9955035119,Infinix-Infinix-X551,0,1,1,3.5,4.4.2
3679328472,alps-TECNO S3,1,0,1,3.1,4.2.2
7269987518,samsung-SM-N900,0,1,1,3.3,4.3
9149555649,alps-TECNO P5,1,0,1,3.1,4.2.2
4652588050,samsung-GT-I9300I,0,1,1,3.1,4.3
9448433849,samsung-GT-I9082,0,1,1,3.1,4.2.2
3252413480,SageReal-TECNO P5S,0,1,1,3.4,4.2.2
4020568831,samsung-GT-S7580,0,1,1,3.1,4.2.2
9578209515,HUAWEI-HUAWEI Y330-U01,0,1,1,3.1,4.2.2
3075741637,samsung-GT-I8190,0,1,1,3.1,4.1.2
1766763696,LGE-LG-E615,1,1,1,3.3,4.0.4
8357321273,alps-TECNO M3,1,1,1,3.5,4.2.2
6060950564,HUAWEI-HUAWEI Y511-U10,0,1,1,3.1,4.2.2
1716829174,samsung-GT-S7580,0,1,1,3.1,4.2.2
8171435807,WIKO-LENNY,0,1,1,3.1,4.4.2
5064137410,samsung-GT-S7580,0,1,1,3.1,4.2.2
3583731581,samsung-GT-I9507,0,1,1,3.4,4.4.2
3525069691,samsung-SM-N900,0,1,1,3.1,4.2.2
1537358892,samsung-GT-S7580,0,1,1,3.4,4.2.2
3201754709,HUAWEI-HUAWEI Y320-U10,0,0,1,3.1,4.2.2
5935455253,TCT-ALCATEL ONE TOUCH 4010X,0,1,0,3.3,2.3.6
7430130268,samsung-GT-I9192,0,1,1,3.3,4.2.2
5048210603,TECNO-TECNO-H3,0,1,1,3.1,4.4.2
1635947875,HTC-HTC One,0,1,1,3.3,5.0.2
5410424023,samsung-GT-S7580,0,1,1,3.5,4.2.2
3933368676,HUAWEI-HUAWEI Y330-U01,0,1,1,3.1,4.2.2
4493372220,SageReal-TECNO P5S,0,0,1,3.3,4.2.2
5406406018,Spreadtrum-SP7715A,0,1,1,3.4,4.4.2
8476099889,samsung-GT-N7100,0,1,1,3.3,4.4.2
1010631054,samsung-GT-I8190N,0,1,1,3.1,4.1.2
1557058434,TECNO-TECNO F6,0,1,1,3.4,4.4.2
9677770426,TECNO-TECNO R5,1,1,1,3.2,4.4.2
7346661357,samsung-GT-N7100,0,1,1,3.1,4.3
5433168922,Infinix-Infinix X507,0,1,1,3.4,4.4.2
3603689368,Infinix-Infinix-X551,0,0,1,3.5,4.4.2
4792942529,SageReal-TECNO H5,1,0,1,3.4,4.2.2
2724136679,TECNO-TECNO F5,1,0,1,3.1,4.2.2
9019460943,samsung-GT-S6802,0,0,0,3.2,2.3.6
8450552497,Nokia-Nokia_X,1,1,0,3.1,4.1.2
2974671365,samsung-GT-S7560,0,1,1,3.1,4.0.4
7650974066,samsung-GT-S7582,0,1,1,3.4,4.2.2
1987351715,TCT-ONE TOUCH 4015X,0,1,1,3.5,4.2.2
6718085882,samsung-SM-G313HU,0,1,1,3.1,4.4.2
7062861325,alps-TECNO P5,1,1,1,3.1,4.2.2
5241853297,sprd-itel it1400,0,1,0,3.1,2.3.5
6834166012,samsung-GT-I9300,0,1,1,3.1,4.3
7359680125,samsung-GT-I9300I,0,1,1,3.2,4.3
1047997155,Sony-C6903,0,1,1,3.5,5.0.2
5955541479,SageReal-TECNO P5S,0,1,1,3.4,4.2.2
3290581266,samsung-SM-G530H,0,1,1,3.1,4.4.4
1011938779,samsung-GT-I8160L,0,0,0,3.1,2.3.6
1584290807,SageReal-TECNO P5S,0,1,1,3.1,4.2.2
5988618720,samsung-SM-G355H,0,1,1,3.4,4.4.2
8389868976,TCT-ALCATEL ONE TOUCH 6032,1,1,1,3.1,4.2.2
7867185883,SageReal-TECNO H5,1,0,1,3.1,4.2.2
8230219163,samsung-SM-G355H,0,1,1,3.3,4.4.2
5896978842,samsung-GT-S7580,0,1,1,3.2,4.2.2
4498792920,SageReal-TECNO H5,1,0,1,3.1,4.2.2
4949206686,unknown-TECNO N3,1,1,0,3.3,2.3.5
4509848841,SageReal-TECNO H5,1,0,1,3.4,4.2.2
7493785209,samsung-GT-S7580,0,1,1,3.1,4.2.2
9523062306,itel-itel it1452,0,1,1,3.1,4.4.2
1532148947,LGE-LG-C660,0,1,0,3.2,2.3.4
3567588210,Micromax-TECNO M7,1,1,1,3.0,4.2.2
5254531566,HUAWEI-HUAWEI P7-L10,0,1,1,3.2,4.4.2
5945488348,samsung-GT-S5300,0,1,0,3.2,2.3.6
6917193248,LGE-LG-E612,0,1,1,3.1,4.1.2
6288962292,Micromax-TECNO M7,1,1,1,3.3,4.2.2
4050513050,SageReal-TECNO H5,1,0,1,3.2,4.2.2
3321063881,samsung-GT-S7580,0,1,1,3.2,4.2.2
6491386882,Micromax-TECNO M5,1,0,1,3.2,4.2.2
4811992520,samsung-GT-S5300,0,1,0,3.2,2.3.6
6964827365,TECNO-TECNO L6,1,1,1,3.2,4.4.2
6224726229,TECNO-TECNO-H3,0,1,1,3.3,4.4.2
4191686819,Infinix-Infinix X502,0,1,1,3.4,4.2.1
4901712280,TECNO-TECNO H6,0,1,1,3.2,4.4.2
1463175554,samsung-GT-I8200,0,1,1,3.2,4.2.2
8540946794,Sony-LT22i,0,0,1,3.5,4.1.2
3260671459,samsung-SM-G313H,0,1,1,3.2,4.4.2
5511522687,itel-itel it1501,0,1,1,3.3,4.4.2
7225933812,samsung-GT-I8262,0,1,1,3.2,4.1.2
9973267281,Sony-C6903,0,1,1,3.2,4.3
4902519125,TCL-5038D,1,1,1,3.3,4.4.2
2422995126,HTC-HTC One,0,1,1,3.3,4.1.2
2764011037,samsung-GT-S7562,1,1,1,3.1,4.0.4
1229057799,motorola-XT1021,0,1,1,3.5,4.4.4
5489995289,SageReal-TECNO P5S,0,1,1,3.2,4.2.2
1998097878,HUAWEI-HUAWEI Y330-U11,1,0,1,3.4,4.2.2
6025279345,samsung-SM-G530H,0,1,1,3.2,4.4.4
2487119472,TECNO-TECNO-A7,0,1,1,3.3,4.4.2
7955562566,samsung-GT-I9100G,0,1,1,3.5,4.1.2
5373890168,samsung-GT-I9105,0,1,1,3.2,4.1.2
5449485614,samsung-GT-S7580,0,1,1,3.2,4.2.2
6581882246,samsung-GT-N7000,0,1,1,3.3,4.1.2
9568664366,Infinix-Infinix X507,0,1,1,3.2,4.4.2
4489754615,SAMSUNG-SM-G900F,0,1,0,3.3,4.4.2
7442299181,alps-TECNO S3,1,1,1,3.2,4.2.2
6724414152,LENOVO-Lenovo S960,0,1,1,3.2,4.4.2
3535424654,HUAWEI-HUAWEI Y330-U01,0,0,1,3.2,4.2.2
1798185475,samsung-GT-S7580,0,1,1,3.3,4.2.2
1440291623,Micromax-TECNO M5,1,0,1,3.4,4.2.2
4884216169,LGE-LG-E440,0,1,0,3.2,4.1.2
1838116247,unknown-TECNO N3S,0,0,0,3.4,2.3.5
9228116233,samsung-GT-I9082,0,1,1,3.3,4.2.2
5936413151,TECNO-TECNO_P5_PLUS,0,1,1,3.0,4.4.2
7769459042,HUAWEI-HUAWEI Y511-U10,0,0,1,3.3,4.2.2
8931300972,samsung-GT-S7580,0,1,1,3.3,4.2.2
8098697604,alps-TECNO P5,1,0,1,3.4,4.2.2
9745064088,Sony-D2302,0,0,1,3.4,4.4.4
2191396226,TECNO-TECNO H6,0,1,1,3.2,4.4.2
6177775040,alps-TECNO P5,1,1,1,3.2,4.2.2
1287191810,samsung-SM-G7102,0,1,1,3.5,4.4.2
8812837743,motorola-XT1033,1,1,1,3.5,5.0.2
5537661525,samsung-GT-I8262,0,1,1,3.3,4.1.2
5741429746,unknown-TECNO N3,1,1,0,3.3,2.3.5
4899445636,intel-BT210,0,1,1,3.4,4.0.4
4645275853,samsung-GT-I9500,0,1,1,3.4,5.0.1
3521134186,Infinix-Infinix X507,0,1,1,3.3,4.4.2
9137438176,samsung-SM-G130H,0,1,1,3.3,4.4.2
9036331394,Micromax-TECNO M5,1,0,1,3.4,4.2.2
7044315204,samsung-GT-I9300,0,1,1,3.3,4.1.2
8720349802,alps-TECNO R7,1,1,1,3.3,4.2.2
8143481783,samsung-SM-G355H,0,1,1,3.3,4.4.2
8887062843,samsung-GT-S7580,0,1,1,3.3,4.2.2
4004233755,samsung-GT-I8262,0,1,1,3.3,4.1.2
7303163256,TECNO-TECNO H6,0,1,1,3.4,4.4.2
6374108329,SageReal-TECNO H5,1,1,1,3.3,4.2.2
1309607936,WST-Mi-A531,1,1,0,3.3,4.1.2
9467238896,LGE-LG-E410,0,1,1,3.3,4.1.2
5736208977,HUAWEI-HUAWEI G6-U10,0,1,1,3.3,4.3
5445931408,motorola-MB886,0,1,1,3.3,4.1.1
4540051772,TECNO-TECNO B5S,0,1,1,3.3,4.3
7659385387,SageReal-TECNO H5,1,0,1,3.4,4.2.2
1784191842,intel-BT210,0,1,1,3.5,4.0.4
7372142755,HUAWEI-HUAWEI Y330-U01,0,1,1,3.5,4.2.2
9263351105,Infinix-Infinix X507,0,1,1,3.5,4.4.2
1497166208,samsung-GT-S7580,0,1,1,3.5,4.2.2
8150642238,Infinix-Infinix X502,0,0,1,3.3,4.2.1
8460627016,samsung-GT-N7105,0,1,1,3.3,4.1.1
2372935146,samsung-SM-J100H,0,1,1,3.3,4.4.4
4850039402,samsung-SM-G313H,0,1,1,3.3,4.4.2
4951166708,LGE-LG-D320,1,1,1,3.4,4.4.2
6124720801,SageReal-TECNO H5,1,1,1,3.3,4.2.2
5804388965,WIKO-LENNY,0,0,1,3.3,4.4.2
9148351638,TECNO-TECNO-H3,0,1,1,3.3,4.4.2
4656510627,samsung-SM-G355H,0,1,1,3.3,4.4.2
4738098277,samsung-GT-S7582,0,1,1,3.3,4.2.2
9923610654,Infinix-Infinix X507,0,0,1,3.4,4.4.2
9661362272,samsung-SM-J100H,0,1,1,3.3,4.4.4
3818103704,samsung-GT-S7580,0,1,1,3.3,4.2.2
9465714466,samsung-SM-G355H,0,1,1,3.3,4.4.2
4264763102,samsung-GT-I9505,0,1,1,3.3,4.2.2
5018829972,TECNO-TECNO F5,1,1,1,3.5,4.2.2
1743432522,samsung-SM-G530H,0,1,1,3.4,4.4.4
3023340127,samsung-GT-I9500,0,1,1,3.3,4.4.2
5275535713,samsung-GT-S7580,0,1,1,3.3,4.2.2
6240051417,samsung-GT-S7392,0,1,1,3.3,4.1.2
7091985427,samsung-GT-S7580,0,1,1,3.3,4.2.2
7961977516,samsung-GT-S7580,0,1,1,3.3,4.2.2
6666930711,Infinix-Infinix X506,0,1,1,3.3,4.4.2
4740365226,samsung-GT-I9082,0,1,1,3.5,4.2.2
4058888009,HUAWEI-HUAWEI Y511-U10,0,0,1,3.3,4.2.2
7076340710,TECNO-TECNO M6,0,1,1,3.3,4.4.2
7470733511,TCT-ONE TOUCH 4015X,0,0,1,3.3,4.2.2
6488838004,samsung-GT-S7580,0,1,1,3.3,4.2.2
6207451939,samsung-GT-I8160,0,0,0,3.4,2.3.6
9767557484,TECNO-TECNO-H3,0,1,1,3.4,4.4.2
7102879153,samsung-SM-G530H,0,1,1,3.3,4.4.4
3080908054,alps-TECNO P5,1,0,1,3.4,4.2.2
1048099395,HTC-HTC Desire P,0,0,1,3.3,4.0.4
4226607694,Infinix-Infinix X502,0,0,1,3.4,4.2.1
5495666685,LGE-LG-E445,1,0,1,3.3,4.1.2
7337409978,samsung-GT-S7580,0,1,1,3.3,4.2.2
6507014956,samsung-GT-I8200,0,1,1,3.3,4.2.2
1181013496,TECNO-TECNO M6,0,0,1,3.4,4.4.2
4030617594,samsung-GT-S7580,0,1,1,3.3,4.2.2
4883399518,SageReal-TECNO H5,1,1,1,3.3,4.2.2
9443631847,samsung-SM-N900,0,0,1,3.3,4.2.2
4581264233,samsung-GT-S7580,0,1,1,3.3,4.2.2
3263728602,Infinix-Infinix X505,0,0,1,3.3,4.4.2
1616151767,TECNO-TECNO P6,0,1,1,3.3,4.4.2
9588203897,samsung-GT-S7580,0,1,1,3.3,4.2.2
2003808034,Sony-C6603,0,1,1,3.3,4.3
9649964299,samsung-GT-I9152,0,1,1,3.3,4.2.2
6680195461,SageReal-TECNO H5,1,0,1,3.3,4.2.2
9754677030,LGE-LG-E445,1,1,1,3.3,4.1.2
6055146943,SageReal-TECNO P5S,0,1,1,3.2,4.2.2
3335172180,samsung-GT-S6812,0,1,1,3.4,4.1.2
3631351360,WIKO-LENNY,0,1,1,3.3,4.4.2
7803964963,samsung-GT-I9060I,0,1,1,3.5,4.4.4
7459525133,samsung-GT-I9060,0,1,1,3.4,4.2.2
9517700838,samsung-SM-N900,0,1,1,3.3,4.2.2
1546979501,unknown-TECNO P3,0,0,0,3.3,2.3.5
3833162176,HUAWEI-HUAWEI Y330-U01,0,0,1,3.2,4.2.2
6480595561,samsung-GT-S7580,0,1,1,3.3,4.2.2
7371265289,HUAWEI-HUAWEI G700-U10,1,1,1,3.3,4.2.1
7598871262,samsung-GT-S7580,0,1,1,3.5,4.2.2
3427309387,samsung-GT-S7582,0,1,1,3.4,4.2.2
2648460353,samsung-GT-I9300,0,1,1,3.3,4.1.2
9808214543,samsung-GT-S7580,0,1,1,3.3,4.2.2
7875034267,HTC-HTC One 801e,0,1,1,3.3,5.0.2
6356967879,samsung-GT-I9500,0,1,1,3.4,5.0.1
5657424461,SageReal-TECNO P5S,0,1,1,3.4,4.2.2
3962836465,samsung-GT-S7392,0,1,1,3.3,4.1.2
7526973171,HUAWEI-HUAWEI Y330-U01,0,1,1,3.3,4.2.2
1389690912,alps-GT-I9500,0,1,0,3.3,4.4.4
4429479218,alps-A 8,1,0,1,3.3,4.2.2
8946883110,TECNO-TECNO H6,0,1,1,3.3,4.4.2
2037137184,LGE-LG-E445,1,0,0,3.4,4.1.2
3188570699,samsung-GT-I9100G,0,1,1,3.3,4.1.2
1910843118,LGE-LG-E435,0,0,1,3.3,4.1.2
8519412104,TCT-ALCATEL ONE TOUCH 5036X,0,1,1,3.3,4.2.2
8834809018,samsung-GT-S7580,0,1,1,3.3,4.2.2
1512042465,TECNO-TECNO H6,0,1,1,3.3,4.4.2
1909028856,TECNO-TECNO H6,0,1,1,3.4,4.4.2
8634554863,alps-TECNO R7,1,1,1,3.3,4.2.2
7222539877,LGE-LG-E455,1,0,0,3.3,4.1.2
2461249534,SageReal-TECNO P5S,0,0,1,3.3,4.2.2
7108459544,TECNO-TECNO H6,0,1,1,3.3,4.4.2
4646477741,SageReal-TECNO P5S,0,1,1,3.3,4.2.2
8155541862,Infinix-Infinix X507,0,1,1,3.3,4.4.2
5958277187,alps-TECNO R7,1,0,1,3.3,4.2.2
7472748908,Infinix-Infinix X507,0,1,1,3.3,4.4.2
1064638493,TECNO-TECNO-J7,0,0,1,3.3,4.4.2
7278699629,Infinix-Infinix X507,0,1,1,3.3,4.4.2
5732259298,alps-TECNO P5,1,1,1,3.3,4.2.2
6572992960,samsung-GT-S5570,0,0,0,3.3,2.3.4
9927346812,TECNO-TECNO F5,1,1,1,3.5,4.2.2
2562664921,samsung-GT-S7562,1,1,1,3.3,4.0.4
1884909893,LGE-LG-E455,1,1,0,3.4,4.1.2
1295557792,SageReal-TECNO P5S,0,1,1,3.3,4.2.2
7502458411,Sony-C5303,0,0,1,3.3,4.3
1647229846,alps-TECNO F7,1,1,1,3.5,4.2.1
2016018499,TECNO-TECNO-H3,0,1,1,3.3,4.4.2
8258117248,samsung-GT-S7580,0,1,1,3.3,4.2.2
9562149901,LGE-LG-E440,0,1,1,3.4,4.1.2
5618080444,samsung-GT-S7580,0,1,1,3.3,4.2.2
1963789232,itel-itel it1403,0,1,1,3.3,4.4.2
2623733104,samsung-GT-I9060,0,1,1,3.4,4.2.2
9656418246,SageReal-TECNO P5S,0,1,1,3.3,4.2.2
7349042414,HTC-HTC One,0,1,1,3.5,5.0.2
6872355869,TECNO-TECNO-M6S,0,1,1,3.4,4.4.2
6527431008,SageReal-TECNO P5S,0,1,1,3.3,4.2.2
1447788669,HUAWEI-G7-L01,0,0,1,3.4,4.4.4
3950963431,SageReal-TECNO H5,1,1,1,3.3,4.2.2
4578202269,TECNO-TECNO F6,0,0,1,3.4,4.4.2
7054628663,LGE-LG-E440,0,0,1,3.3,4.1.2
2320175519,Infinix-Infinix X505,0,1,1,3.4,4.4.2
3602567513,SageReal-H7,1,0,1,3.4,4.2.2
6034981056,Infinix-Infinix X502,0,1,1,3.3,4.2.1
7377428334,SageReal-TECNO H5,1,0,1,3.3,4.2.2
3079511469,samsung-GT-S5830,0,0,0,3.3,2.3.4
4042825054,HUAWEI-HUAWEI G6-U10,0,1,1,3.3,4.3
7356239267,alps-S520,0,0,1,3.3,4.4.2
7331238292,unknown-TECNO P3,1,0,0,3.3,2.3.5
9123965963,samsung-GT-I9300,0,1,1,3.3,4.3
2901782279,Sony-D6503,0,1,1,3.3,5.0.2
3152634654,HUAWEI-HUAWEI Y550-L01,0,0,1,3.4,4.4.4
4337834140,HTC-HTC Desire X,0,0,1,3.3,4.0.4
1107199557,samsung-GT-I9300,0,1,1,3.4,4.3
2201817874,samsung-GT-I9300I,0,1,1,3.3,4.3
7083488094,HUAWEI-HUAWEI Y330-U01,0,0,1,3.3,4.2.2
6366858080,TECNO-TECNO B5S,0,1,1,3.3,4.3
5631408893,LGE-LG-P705,0,1,1,3.3,4.0.3
9972724218,Sony-C2105,0,0,1,3.5,4.2.2
1315659637,samsung-GT-S7580,0,1,1,3.3,4.2.2
7366844365,TECNO-TECNO-A7,0,0,1,3.3,4.4.2
2033348143,WIKO-LENNY,0,1,1,3.3,4.4.2
3200903086,samsung-GT-S7560,0,1,1,3.3,4.0.4
5281600996,TECNO-TECNO F5,1,0,1,3.5,4.2.2
3431150888,samsung-GT-I9500,0,1,1,3.4,4.4.2
2001759865,samsung-GT-S7580,0,1,1,3.4,4.2.2
5849887456,HUAWEI-HUAWEI Y550-L01,0,1,1,3.3,4.4.4
1862148446,samsung-GT-I8190L,0,1,1,3.3,4.1.2
3460588992,TECNO-TECNO_N7,1,1,1,3.3,4.0.4
6127719079,LGE-LG-E445,1,0,1,3.5,4.1.2
1424189176,Infinix-Infinix X507,0,1,1,3.3,4.4.2
2751143085,TECNO-TECNO H6,0,1,1,3.3,4.4.2
7336051313,itel-itel it1403+,0,1,1,3.3,4.4.2
2133314717,alps-TECNO P5,1,1,1,3.3,4.2.2
5115392371,Infinix-Infinix X505,0,1,1,3.3,4.4.2
5555593102,Micromax-TECNO M5,1,1,1,3.5,4.2.2
2258471198,itel-itel it1403+,0,1,1,3.5,4.4.2
5167938983,TECNO-TECNO H6,0,1,1,3.5,4.4.2
3561640239,TCT-ALCATEL ONE TOUCH 5036X,0,0,1,3.3,4.2.2
4881579468,samsung-GT-S7582,0,1,1,3.3,4.2.2
5816669626,samsung-GT-S7580,0,1,1,3.3,4.2.2
5123229643,samsung-GT-S7582,0,1,1,3.5,4.2.2
5340508208,SageReal-TECNO P5S,0,1,1,3.3,4.2.2
6371585770,LENOVO-Lenovo A806,0,1,1,3.3,4.4.2
7546148851,TECNO-TECNO H6,0,1,1,3.3,4.4.2
7814589083,samsung-GT-S7580,0,1,1,3.3,4.2.2
3030876671,HUAWEI-HUAWEI Y511-U10,0,1,1,3.3,4.2.2
3449899345,samsung-GT-S7580,0,1,1,3.3,4.2.2
1361970426,samsung-SM-G530H,0,1,1,3.4,4.4.4
2567699254,intel-BT210,0,0,1,3.4,4.0.4
6406939440,samsung-GT-S7580,0,1,1,3.3,4.2.2
2974664625,TECNO-TECNO B5S,0,1,1,3.3,4.3
5574393088,LGE-LG-E440,0,0,0,3.4,4.1.2
5514618037,samsung-GT-S6790,0,1,1,3.3,4.1.2
4883971352,HTC-HTC 801e,0,1,1,3.4,4.2.2
4732601069,SageReal-TECNO H5,1,0,1,3.4,4.2.2
4908096316,TECNO-TECNO F5,1,0,1,3.3,4.2.2
6980434746,TECNO-TECNO H6,0,1,1,3.3,4.4.2
3282108906,HUAWEI-HUAWEI Y330-U01,0,0,1,3.3,4.2.2
5801463353,Obi-S401,0,0,1,3.3,4.4.2
7962463991,Micromax-TECNO M5,1,1,1,3.3,4.2.2
5682976418,samsung-SM-G530H,0,1,1,3.3,4.4.4
4116829921,HUAWEI-U8185,0,0,0,3.3,2.3.6
8740760572,TECNO-TECNO R5,1,1,1,3.3,4.4.2
8714622022,PTM-Z-mini-PTM-Z-mini,0,0,1,3.3,4.4.2
1513646713,TECNO-TECNO B5S,0,1,1,3.3,4.3
4437592008,Infinix-Infinix-X551,0,1,1,3.5,4.4.2
6562772473,HUAWEI-HUAWEI Y330-U01,0,0,1,3.3,4.2.2
3331565180,samsung-GT-I9100G,0,1,1,3.3,4.1.2
5559702426,HUAWEI-HUAWEI P7-L10,0,1,1,3.4,4.4.2
6181698436,samsung-SM-J100FN,0,1,1,3.4,4.4.4
9757571386,samsung-SM-J100H,0,1,1,3.4,4.4.4
1283470047,HUAWEI-HUAWEI Y511-U10,0,1,1,3.4,4.2.2
6015554652,TECNO-TECNO H6,0,0,1,3.4,4.4.2
5371237857,samsung-SM-J100H,0,1,1,3.4,4.4.4
1801624265,LGE-LG-E410,0,1,1,3.4,4.1.2
9013261149,samsung-GT-N7100,0,1,1,3.4,4.4.2
4228136505,HUAWEI-HUAWEI G730-U10,1,0,1,3.4,4.2.2
8387614970,alps-TECNO P5,1,1,1,3.4,4.2.2
7629417453,intel-BT210,0,1,1,3.4,4.0.4
2010370470,alps-TECNO P5,1,1,1,3.4,4.2.2
7333394289,alps-TECNO P5,1,0,1,3.4,4.2.2
6013334660,Infinix-Infinix-X551,0,1,1,3.4,4.4.2
6975724414,SageReal-TECNO H5,1,1,1,3.4,4.2.2
9666559145,LGE-LG-E460,0,0,0,3.4,4.1.2
3517910470,TCT-ALCATEL ONE TOUCH 5036X,0,0,1,3.4,4.2.2
5381855882,TCT-ALCATEL ONE TOUCH 7041D,1,1,1,3.4,4.2.2
1586610549,Infinix-Infinix-X551,0,1,1,3.4,4.4.2
2455988976,Infinix-Infinix-X551,0,0,1,3.5,4.4.2
8529623453,Infinix-Infinix X507,0,0,1,3.4,4.4.2
3391915571,alps-SM-G900H,0,1,1,3.4,4.4.4
8126857977,samsung-SM-G900H,0,1,1,3.4,4.4.2
7970308274,samsung-GT-I9060,0,1,1,3.4,4.2.2
9865454850,samsung-GT-S7560,0,1,1,3.4,4.0.4
4609303188,samsung-SM-G316HU,0,1,1,3.4,4.4.4
3985669270,TCT-ONE TOUCH 4015X,0,0,1,3.5,4.2.2
8686243541,TECNO-TECNO M6,0,0,1,3.4,4.4.2
1767540225,alps-TECNO P5,1,0,1,3.4,4.2.2
7134462308,TECNO-TECNO L7,1,1,1,3.4,4.4.2
7445827446,HUAWEI-HUAWEI Y330-U01,0,0,1,3.4,4.2.2
3419286937,Sony-C6903,0,1,1,3.4,5.0.2
6925828638,TECNO-TECNO-H3,0,0,1,3.4,4.4.2
8484461796,TECNO-TECNO-M6S,0,1,1,3.4,4.4.2
2398603694,alps-TECNO P5,1,0,1,3.4,4.2.2
2436738636,samsung-GT-N7100,0,1,1,3.4,4.4.2
7936361384,HTC-HTC One,0,1,1,3.5,4.4.3
1959560917,alps-TECNO P5,1,1,1,3.4,4.2.2
2954902920,TECNO-TECNO M6,0,1,1,3.4,4.4.2
2893571939,LGE-LG-E612,0,0,1,3.4,4.0.3
5729162586,HUAWEI-HUAWEI Y511-U10,0,0,1,3.5,4.2.2
5253564370,TECNO-TECNO H6,0,1,1,3.4,4.4.2
5907430016,SageReal-TECNO M3S,0,0,1,3.4,4.2.2
8716883625,Infinix-Infinix X505,0,1,1,3.5,4.4.2
7289370646,itel-itel it1403+,0,1,1,3.4,4.4.2
2956620293,motorola-XT1032,0,1,1,3.4,5.0.2
4194649044,samsung-SM-G530H,0,1,1,3.4,4.4.4
3955785772,SageReal-TECNO P5S,0,1,1,3.5,4.2.2
1853627736,itel-itel it1452,0,1,1,3.4,4.4.2
3738922495,LGE-LG-P713,0,0,1,3.4,4.1.2
2136127632,alps-TECNO P5,1,1,1,3.4,4.2.2
1777949145,TECNO-TECNO H6,0,0,1,3.5,4.4.2
5494601411,SageReal-TECNO P5S,0,1,1,3.4,4.2.2
5527448981,Infinix-Infinix X507,0,0,1,3.4,4.4.2
7850063072,Sony-D2203,0,1,1,3.4,4.4.4
4792563816,SageReal-TECNO P5S,0,1,1,3.4,4.2.2
1810034989,TECNO-TECNO H6,0,1,1,3.4,4.4.2
3778121349,TCT-ALCATEL ONE TOUCH 7047D,1,1,1,3.4,4.2.2
1112017768,samsung-SM-N900,0,1,1,3.4,4.4.2
4431726673,unknown-TECNO P3S,0,1,0,3.4,2.3.5
8634797091,samsung-GT-N7100,0,1,1,3.5,4.4.2
3107893674,TECNO-TECNO F5,1,1,1,3.4,4.2.2
6448249622,SageReal-TECNO H5,1,0,1,3.4,4.2.2
8000018034,SageReal-TECNO H5,1,0,1,3.2,4.2.2
6425890823,HUAWEI-HUAWEI Y330-U11,1,1,1,3.4,4.2.2
7228483529,SageReal-TECNO H5,1,0,1,3.5,4.2.2
9003357851,samsung-GT-S7580,0,1,1,3.4,4.2.2
6617821797,itel-itel it1404,0,1,1,3.4,4.4.2
5523890760,TECNO-TECNO L6,1,1,1,3.4,4.4.2
5843534196,Infinix-Infinix-X551,0,0,1,3.4,4.4.2
7336338975,samsung-GT-S7580,0,1,1,3.4,4.2.2
1670455912,SageReal-TECNO H5,1,1,1,3.5,4.2.2
7389317375,HUAWEI-HUAWEI P7-L10,0,1,1,3.4,4.4.2
6851045436,samsung-SM-G530H,0,1,1,3.4,4.4.4
3449728273,TECNO-TECNO M6,0,0,1,3.4,4.4.2
6386601342,TECNO-TECNO F6,0,1,1,3.4,4.4.2
4002692992,itel-it1453,0,1,1,3.5,4.4.2
2257223953,samsung-GT-I9060,0,1,1,3.4,4.2.2
1975138991,Sony-LT25i,0,1,1,3.4,4.3
4974853726,alps-SM-G900H,0,1,1,3.4,4.4.4
7035285544,TECNO-TECNO H6,0,1,1,3.5,4.4.2
7073326976,LGE-LG-E455,1,1,1,3.4,4.1.2
7425803316,TECNO-TECNO F6,0,1,1,3.4,4.4.2
7959578837,HUAWEI-HUAWEI Y330-U01,0,0,1,3.4,4.2.2
5517830861,HUAWEI-HUAWEI Y320-U10,0,1,1,3.4,4.2.2
9164049071,samsung-GT-I8262,0,1,1,3.4,4.1.2
4336726880,HUAWEI-HUAWEI Y550-L01,0,1,1,3.4,4.4.4
1892120669,Infinix-Infinix X505,0,1,1,3.4,4.4.2
8880381815,TECNO-TECNO H6,0,1,1,3.4,4.4.2
9442171425,samsung-GT-S7582,0,1,1,3.4,4.2.2
2750363292,HUAWEI-HUAWEI Y320-U10,0,1,1,3.4,4.2.2
3913744037,samsung-GT-S7580,0,1,1,3.4,4.2.2
5348003279,TCT-ONE TOUCH 4033D,1,1,1,3.4,4.2.2
1288086652,X-TIGI-Dream3,0,1,1,3.4,4.4.2
4476235367,LGE-Nexus 5,1,1,1,3.4,5.1.1
3298734294,SageReal-TECNO H5,1,1,1,3.4,4.2.2
5695084415,HUAWEI-HUAWEI Y511-U10,0,0,1,3.4,4.2.2
4350866554,samsung-GT-I9070,0,1,1,3.4,4.1.2
3419190754,intel-BT210,0,0,1,3.4,4.0.4
4497326671,intel-BT210,0,1,1,3.4,4.0.4
9792719672,samsung-GT-S7580,0,1,1,3.4,4.2.2
1921206894,TECNO-TECNO B5S,0,1,1,3.4,4.3
6604669502,samsung-SM-G316HU,0,1,1,3.4,4.4.4
2373167024,HUAWEI-G7-L01,0,0,1,3.4,4.4.4
3988203332,samsung-SM-G900H,0,1,1,3.5,5.0
4847988237,TCT-ALCATEL ONE TOUCH 4010D,1,1,0,3.4,2.3.6
5080754334,HUAWEI-HUAWEI Y330-U01,0,1,1,3.5,4.2.2
5898120995,Infinix-Infinix-X551,0,1,1,3.5,4.4.2
5773051173,samsung-SM-G360H,0,1,1,3.4,4.4.4
2746795632,samsung-GT-S5303,0,1,0,3.5,4.0.4
2606114764,HUAWEI-HUAWEI Y511-U10,0,1,1,3.4,4.2.2
7210723238,samsung-SC-01F,0,1,1,3.4,4.4.2
1104389006,Micromax-TECNO M5,1,1,1,3.3,4.2.2
9845828614,TCT-ALCATEL ONE TOUCH 7041D,1,1,1,3.4,4.2.2
3119988297,MX1029W_BIRD_LEADER_K_PICI-BIRD Leader,1,1,1,3.4,4.2.2
7483594912,LGE-LG-E410,0,1,1,3.4,4.1.2
2610695629,HTC One_M8-HTC One_M8,1,1,1,3.4,4.2.2
3601132624,Enspert-BLOOM,0,1,1,3.4,4.4.2
9478427902,TECNO-TECNO-M6S,0,1,1,3.5,4.4.2
1707284761,Micromax-TECNO M5,1,1,0,3.4,4.2.2
3457818790,samsung-SM-N9100,0,1,1,3.4,4.4.4
7038032168,samsung-SM-G360H,0,1,1,3.5,4.4.4
6825768883,HUAWEI-HUAWEI Y330-U11,1,1,1,3.3,4.2.2
2246622383,TECNO-TECNO B5S,0,1,1,3.4,4.3
1615532287,HUAWEI-HUAWEI Y511-U10,0,0,1,3.4,4.2.2
6540024121,samsung-GT-I9060I,0,1,1,3.5,4.4.4
3006045400,Infinix-Infinix X507,0,1,1,3.4,4.4.2
6819782604,unknown-TECNO P3,0,1,0,3.4,2.3.5
9366636131,SageReal-H7,1,0,1,3.4,4.2.2
5709904884,HUAWEI-HUAWEI Y330-U01,0,0,1,3.4,4.2.2
2636722159,samsung-GT-S6312,0,1,1,3.4,4.1.2
5733285355,TCT-ALCATEL ONE TOUCH 5036D,1,1,1,3.5,4.2.2
2300851247,alps-TECNO M3,1,1,1,3.4,4.2.2
8550857009,Sony-D2302,0,1,1,3.4,4.4.2
5665931957,sprd-G905,0,1,0,3.4,4.1.1
3054378668,samsung-GT-I9060I,0,1,1,3.5,4.4.4
8710405577,HUAWEI-HUAWEI P7-L10,0,1,1,3.4,4.4.2
6674177866,TECNO-TECNO P6,0,0,1,3.4,4.4.2
9500422035,samsung-SAMSUNG-SGH-I337,0,1,1,3.4,4.2.2
3096445519,HUAWEI-HUAWEI Y330-U01,0,1,1,3.4,4.2.2
4991604311,TECNO-TECNO H6,0,1,1,3.5,4.4.2
1557417067,HUAWEI-HUAWEI P7-L10,0,1,1,3.4,4.4.2
3388645937,samsung-GT-S6790,0,1,1,3.4,4.1.2
2451912502,samsung-SM-G530H,0,1,1,3.4,4.4.4
4613150895,TECNO-TECNO-Y6,0,1,1,3.5,4.4.2
8239972608,Micromax-TECNO M7,1,1,1,3.4,4.2.2
2776111859,samsung-GT-S6790,0,1,1,3.4,4.1.2
9921434346,TECNO-TECNO H6,0,1,1,3.4,4.4.2
1802377828,samsung-SM-G316HU,0,1,1,3.4,4.4.4
5212256963,LG-LG-D855,0,0,1,3.4,4.4.2
5051613304,samsung-GT-S7582,0,1,1,3.4,4.2.2
1800018025,LGE-LG-P713,0,1,1,3.5,4.1.2
6127043037,Micromax-TECNO M5,1,1,1,3.4,4.2.2
1581673854,samsung-GT-I9060I,0,1,1,3.4,4.4.4
9367555536,TECNO-Y4,0,0,1,3.4,4.4.2
6587788348,motorola-XT1021,0,0,1,3.5,4.4.4
7748166377,TECNO-TECNO-M6S,0,1,1,3.4,4.4.2
2412688377,samsung-GT-S5300,0,0,0,3.4,2.3.6
1355461896,TCT-ALCATEL ONE TOUCH 5036X,0,1,1,3.4,4.2.2
2772992716,sprd-GT-S6810P,0,0,0,3.4,4.2.2
5941788941,LENOVO-Lenovo S850,0,1,1,3.4,4.4.2
7899551322,TECNO-TECNO-J7,0,1,1,3.4,4.4.2
2174427212,itel-itel it1501,0,1,1,3.4,4.4.2
9254134796,Sony-C2105,0,0,1,3.4,4.2.2
8466486442,samsung-GT-S7580,0,1,1,3.4,4.2.2
8379961584,TCT-ALCATEL ONE TOUCH 5036X,0,1,1,3.4,4.2.2
6053141354,HUAWEI-HUAWEI Y330-U01,0,1,1,3.4,4.2.2
3596771176,samsung-GT-N7000,0,1,1,3.4,4.1.2
3759423303,samsung-GT-S7580,0,1,1,3.4,4.2.2
2172723080,alps-M8,1,1,1,3.4,4.2.2
8361684012,HTC-HTC Desire 816G dual sim,0,1,1,3.4,4.4.2
3785558347,TECNO-Y4,0,1,1,3.4,4.4.2
9984848342,HUAWEI-HUAWEI Y330-U01,0,1,1,3.4,4.2.2
3276893093,TECNO-L3,1,1,1,3.4,4.1.1
8699204874,samsung-SM-J100H,0,1,1,3.5,4.4.4
2017422091,samsung-GT-I9060I,0,1,1,3.4,4.4.4
9566466816,SageReal-TECNO M3S,0,1,1,3.1,4.2.2
8419449580,LGE-LG-D802,1,1,1,3.4,5.0.2
3899747029,samsung-GT-I9300,0,1,1,3.4,4.3
1121771521,samsung-SM-G530H,0,1,1,3.3,4.4.4
1660359942,sprd-sprd,0,0,0,3.4,4.2.0
7064844459,alps-MD7062HC2W1,1,1,1,3.4,4.1.2
7961003085,intel-BT210,0,0,1,3.4,4.0.4
4712104880,HUAWEI-HUAWEI Y210-0100,0,0,0,3.4,2.3.6
2736962869,Micromax-TECNO M5,1,0,1,3.4,4.2.2
3940996743,sprd-itel it1400,0,1,0,3.4,2.3.5
2003490834,Sony-D6503,1,1,1,3.5,5.1.1
2704294846,alps-TECNO P5,1,0,1,3.5,4.2.2
8735273100,samsung-GT-S7580,0,1,1,3.4,4.2.2
7079410217,TECNO-TECNO F5,1,1,1,3.4,4.2.2
9714859999,TCT-ONE TOUCH 4015D,1,0,1,3.5,4.2.2
7469550321,samsung-SM-G350,0,1,1,3.4,4.2.2
4421592908,TECNO-TECNO-A7,0,1,1,3.5,4.4.2
2269998618,samsung-GT-I9152,0,1,1,3.5,4.2.2
5560444736,V4-G906+,1,0,1,3.4,4.2.2
9386396081,TECNO-Y3S,0,1,1,3.4,4.4.2
2534163140,samsung-SM-J100FN,0,1,1,3.4,4.4.4
3483024126,HUAWEI-HUAWEI Y511-U10,0,0,1,3.4,4.2.2
5571509882,alps-GT-I9190,0,1,1,3.4,4.4.4
7989328264,samsung-GT-S7580,0,1,1,3.5,4.2.2
2647495124,Prestigio-PAP7600DUO,1,0,1,3.4,4.2.1
6240263090,alps-TECNO D3,1,1,0,3.4,2.3.6
3519636844,alps-TECNO P5,1,0,1,3.5,4.2.2
6408292681,TECNO-TECNO-J7,0,1,1,3.4,4.4.2
3752805269,LGE-LG-E440,0,1,1,3.4,4.1.2
3061012163,TECNO-TECNO L6,1,1,1,3.4,4.4.2
8195370829,BIRD-BIRD E700,1,0,1,3.4,4.2.2
7258291810,SageReal-TECNO P5S,0,0,1,3.5,4.2.2
5174506041,LGE-LG-D320,1,1,1,3.4,4.4.2
2182911230,alps-SM-G900H,0,0,1,3.4,4.4.4
3381094541,samsung-SM-G530H,0,1,1,3.4,4.4.4
6766803957,HUAWEI-HUAWEI Y330-U01,0,1,1,3.4,4.2.2
7020135676,samsung-GT-I9300,0,1,1,3.5,4.3
4906074010,LGE-LG-P705,0,1,0,3.4,4.0.3
8053556486,TECNO-TECNO H6,0,1,1,3.4,4.4.2
6348357419,TECNO-TECNO-M6S,0,1,1,3.4,4.4.2
3082010991,TECNO-TECNO H6,0,0,1,3.4,4.4.2
3902245778,TECNO-TECNO H6,0,0,1,3.4,4.4.2
7272279612,Sony-D2302,0,0,1,3.4,4.4.4
2894538443,LGE-LG-E440,0,1,0,3.4,4.1.2
3380009999,samsung-SAMSUNG-SGH-I337,0,1,1,3.4,4.4.2
7743920692,samsung-SM-J100H,0,1,1,3.4,4.4.4
6374813065,samsung-SM-G7102,0,1,1,3.4,4.4.2
9045211188,Sony-ST26i,0,1,0,3.4,4.1.2
8194919845,samsung-SM-G360H,0,1,1,3.4,4.4.4
5418329969,HUAWEI-HUAWEI Y511-U10,0,1,1,3.4,4.2.2
9851390076,LGE-LG-E400,0,1,0,3.4,2.3.6
9255169851,XTOUCH-X3mini,1,1,1,3.5,4.2.2
8600102728,TCT-ONE TOUCH 4015X,0,1,1,3.4,4.2.2
4110112364,Infinix-Infinix-X551,0,1,1,3.5,4.4.2
8603630266,samsung-SM-J100H,0,1,1,3.5,4.4.4
7381703622,Infinix-Infinix-X551,0,1,1,3.4,4.4.2
1838953053,samsung-GT-S7580,0,1,1,3.4,4.2.2
5134405695,samsung-SM-E700H,0,1,1,3.4,4.4.4
3418297468,SageReal-TECNO P5S,0,1,1,3.3,4.2.2
8210865312,samsung-GT-S7560,0,1,1,3.4,4.0.4
1676546225,itel-itel it1501,0,1,1,3.4,4.4.2
1932568661,samsung-GT-I9060I,0,1,1,3.5,4.4.4
3537152988,samsung-SM-G530H,0,1,1,3.4,4.4.4
2158215982,samsung-GT-S7580,0,1,1,3.4,4.2.2
3010231585,HTC-HTC_M910x,0,1,1,3.5,5.0.2
7581223009,Sony-C2305,1,1,1,3.4,4.2.2
3337427873,samsung-GT-S5301,0,1,1,3.4,4.0.4
8451978998,samsung-SM-N9100,0,1,1,3.4,4.4.4
3937976240,samsung-SM-N9005,0,1,1,3.4,5.0
5530713621,Infinix-Infinix X502,0,0,1,3.4,4.2.1
7833101639,HUAWEI-HUAWEI Y511-U10,0,0,1,3.4,4.2.2
5217601507,Infinix-Infinix-X551,0,1,1,3.4,4.4.2
4733088866,HUAWEI-HUAWEI Y520-U22,0,1,1,3.4,4.4.2
9900698075,TECNO-Y4,0,0,1,3.4,4.4.2
3540597152,Infinix-Infinix X502,0,1,1,3.4,4.2.1
4650748452,TECNO-TECNO L6,1,1,1,3.4,4.4.2
2151915927,samsung-SM-G355H,0,1,1,3.4,4.4.2
1661126978,samsung-GT-I9300,0,1,1,3.4,4.3
6430736429,Infinix-Infinix X507,0,1,1,3.4,4.4.2
5626937841,HUAWEI-HUAWEI Y330-U01,0,1,1,3.4,4.2.2
7526661511,X-TIGI-Dream3,0,1,1,3.4,4.4.2
5339810676,HUAWEI-HUAWEI Y330-U01,0,1,1,3.5,4.2.2
8251050249,TECNO-Y3S,0,0,1,3.5,4.4.2
9448842124,TECNO-TECNO F6,0,1,1,3.5,4.4.2
2916310278,Infinix-Infinix X507,0,1,1,3.4,4.4.2
3751323480,TECNO-TECNO-Y6,0,1,1,3.4,4.4.2
5004213430,TECNO-TECNO-M3,0,0,1,3.4,4.4.2
2535886983,TECNO-TECNO-J7,0,0,1,3.4,4.4.2
6825205022,samsung-GT-S5301,0,1,0,3.4,4.0.4
4447877474,Infinix-Infinix-X551,0,1,1,3.4,4.4.2
9468184407,TECNO-Y3S,0,0,1,3.4,4.4.2
5979082957,samsung-SM-G316HU,0,1,1,3.4,4.4.4
4078124092,LGE-LG-E410,0,1,1,3.4,4.1.2
1733220813,samsung-GT-I9060I,0,1,1,3.5,4.4.4
4664935120,samsung-SM-G350E,0,1,1,3.1,4.4.2
4212164517,HTC-HTC One_M8,0,1,1,3.5,5.0.1
1415981696,SageReal-TECNO H5,1,0,1,3.4,4.2.2
1649825327,LGE-LG-P705,0,0,1,3.4,4.1.2
4572113844,alps-TECNO S3+,1,1,1,3.5,4.2.2
4724843699,samsung-GT-I9082,0,1,1,3.4,4.2.2
6540127756,TECNO-L3,1,1,0,3.5,4.1.1
1464733109,samsung-SM-J100FN,0,1,1,3.4,4.4.4
2571797067,alps-TECNO R7,1,0,1,3.5,4.2.2
8145138919,LGE-LG-D690,1,1,1,3.4,5.0.2
1066585922,itel-it1453,0,1,1,3.4,4.4.2
7268198319,TECNO-TECNO-J7,0,0,1,3.4,4.4.2
8201813416,intel-BT210,0,1,1,3.4,4.0.4
6166787811,HUAWEI-HUAWEI Y330-U01,0,0,1,3.4,4.2.2
9360194810,TECNO-TECNO_P5_PLUS,0,1,1,3.4,4.4.2
7812481370,itel-itel_it1502,0,1,1,3.4,4.4.2
9594494228,samsung-GT-S7580,0,1,1,3.4,4.2.2
5494244789,TECNO-TECNO-J7,0,0,1,3.4,4.4.2
6932669121,TECNO-TECNO H6,0,0,1,3.4,4.4.2
5570008040,TECNO-TECNO-J7,0,1,1,3.4,4.4.2
1433787755,samsung-GT-S7582,0,1,1,3.4,4.2.2
3997325567,samsung-GT-S5830i,0,1,0,3.4,2.3.6
4390479181,TECNO-TECNO_N7,1,1,1,3.4,4.0.4
8638580379,LGE-LG-E440,0,1,0,3.4,4.1.2
2516578297,LGE-LG-D802,1,0,1,3.5,4.2.2
6298599815,Infinix-Infinix X507,0,1,1,3.4,4.4.2
8341793330,TECNO-Y3S,0,1,1,3.5,4.4.2
4954349033,samsung-SM-G360H,0,1,1,3.4,4.4.4
8993973315,HUAWEI-HUAWEI Y320-U10,0,1,1,3.4,4.2.2
7503162837,TECNO-Y3S,0,0,1,3.4,4.4.2
7823111794,Infinix-Infinix X507,0,0,1,3.4,4.4.2
5413136059,SageReal-H7,1,0,1,3.4,4.2.2
9317300927,HUAWEI-HUAWEI U8666N,0,1,1,3.4,4.0.3
8609804338,TECNO-Y3S,0,1,1,3.4,4.4.2
7907830040,alps-Mi-A400,1,0,0,3.4,4.0.3
4178348652,samsung-GT-I9192,0,1,1,3.4,4.2.2
1628091660,samsung-SM-J100H,0,1,1,3.4,4.4.4
3390119816,TCT-ONE TOUCH 4015X,0,0,1,3.4,4.2.2
1314735035,X-TIGI-GENIUS3,0,1,1,3.5,4.4.2
7312055154,samsung-GT-S7560,0,1,1,3.4,4.0.4
1307595846,TECNO P5-TECNO P5,1,0,1,3.3,4.2.2
1931231157,SageReal-TECNO M3S,0,1,1,3.4,4.2.2
1907063151,TECNO-TECNO S9S,0,1,1,3.4,4.2.2
8615494905,samsung-GT-I9300,0,1,1,3.4,4.1.2
1795159548,samsung-SM-G316HU,0,1,1,3.4,4.4.4
7330824170,TECNO-TECNO-Y5S,0,1,1,3.4,4.4.2
4883396224,Sony-LT25i,0,1,1,3.4,4.3
7088580488,Infinix-Infinix X507,0,1,1,3.4,4.4.2
1197328073,samsung-GT-S7560,0,1,1,3.4,4.0.4
5755633864,TECNO-TECNO-Y4,0,1,1,3.4,4.4.2
4094268919,alps-V7,0,0,1,3.4,4.4.2
5610431323,HUAWEI-HUAWEI Y320-U10,0,1,1,3.4,4.2.2
8017301815,HUAWEI-HUAWEI Y330-U01,0,1,1,3.4,4.2.2
4032452127,TECNO-TECNO-J7,0,0,1,3.4,4.4.2
4252440796,LGE-LG-E440,0,0,0,3.4,4.1.2
8100109588,samsung-SM-E500H,0,1,1,3.4,4.4.4
4716039696,HUAWEI-HUAWEI Y330-U01,0,0,1,3.4,4.2.2
8948179644,samsung-GT-S7580,0,1,1,3.4,4.2.2
9583895012,TECNO-TECNO F5,1,1,1,3.4,4.2.2
7614759494,Infinix-Infinix X505,0,1,1,3.4,4.4.2
2696051892,SageReal-TECNO H5,1,1,1,3.4,4.2.2
2583567580,samsung-GT-S7580,0,1,1,3.5,4.2.2
7822001133,TECNO-TECNO H6,0,1,1,3.5,4.4.2
1648126910,TECNO-TECNO-Y6,0,1,1,3.4,4.4.2
5579357593,samsung-GT-S7582,0,1,1,3.4,4.2.2
7624836270,TECNO-TECNO-Y6,0,1,1,3.4,4.4.2
5594363895,TCT-ONE TOUCH 4015X,0,1,1,3.4,4.2.2
3814425270,itel-itel it1404,0,1,1,3.4,4.4.2
4587521056,HTC-HTC Desire 620G dual sim,0,1,1,3.4,4.4.2
4166295326,HUAWEI-HUAWEI Y330-U01,0,0,1,3.4,4.2.2
1757809206,sprd-iNote mini,0,0,0,3.4,2.3.5
9945630480,samsung-SM-T111,0,1,1,3.3,4.2.2
8232732829,TECNO-TECNO-A7,0,1,1,3.4,4.4.2
9981142125,alps-Infinix X570,1,1,1,3.5,4.2.1
4387253723,alps-TECNO M3,1,0,1,3.4,4.2.2
2105390081,HUAWEI-U8185,0,1,0,3.4,2.3.6
8401108350,HTC-HTC One X,0,1,1,3.5,4.1.1
3743259894,PTM-Z-mini-PTM-Z-mini,0,1,1,3.5,4.4.2
3576021824,samsung-GT-I9505,0,1,1,3.5,5.0.1
2972009047,HUAWEI-U8185,0,1,0,3.4,2.3.6
5312329083,samsung-GT-S7580,0,1,1,3.5,4.2.2
1006266651,samsung-GT-S7580,0,1,1,3.5,4.2.2
8345153046,TECNO-TECNO H6,0,1,1,3.5,4.4.2
6059655032,samsung-GT-S7580,0,1,1,3.5,4.2.2
3805746294,samsung-GT-S7580,0,1,1,3.5,4.2.2
4869342318,samsung-GT-S7580,0,1,1,3.5,4.2.2
6307005446,samsung-GT-S7560,0,1,1,3.5,4.0.4
6848523196,samsung-GT-S5300,0,0,0,3.4,2.3.6
9289420258,samsung-GT-S7580,0,1,1,3.5,4.2.2
4540783923,TECNO-TECNO-M6S,0,1,1,3.4,4.4.2
7762100560,samsung-GT-P3100,0,1,0,3.5,4.0.3
8237091184,Sony-D6603,0,1,1,3.5,5.0.2
2235447216,samsung-GT-I9300,0,1,1,3.5,4.3
7232432889,alps-TECNO S3+,1,1,1,3.5,4.2.2
4746602099,HUAWEI-HUAWEI Y330-U01,0,1,1,3.2,4.2.2
5284029609,TECNO-TECNO-Y6,0,1,1,3.5,4.4.2
5511930733,samsung-SM-J100H,0,1,1,3.5,4.4.4
6896652654,alps-TECNO S3+,1,0,1,3.5,4.2.2
8115915015,TECNO-Y3S,0,1,1,3.5,4.4.2
4460847262,PTM-Z-mini-PTM-Z-mini,0,0,1,3.5,4.4.2
3341030922,Infinix-Infinix X502,0,0,1,3.5,4.2.1
3379597805,itel-itel it1405,0,1,1,3.5,4.4.2
7589645523,alps-TECNO M3,1,0,1,3.5,4.2.2
4756053552,Micromax-TECNO M5,1,1,1,3.5,4.2.2
3804528307,alps-TECNO F7,1,1,1,3.5,4.2.1
8594242129,TECNO-TECNO B5S,0,1,1,3.5,4.3
2990471607,samsung-SM-G530H,0,1,1,3.5,4.4.4
8707691098,TECNO-TECNO P5,1,0,1,3.5,4.2.2
6171176971,TECNO-Y3S,0,1,1,3.5,4.4.2
2614224686,samsung-GT-S7580,0,1,1,3.5,4.2.2
2345287133,itel-itel it1701,0,1,1,3.5,4.4.2
8838001754,samsung-SM-G530H,0,1,1,3.4,4.4.4
4368145247,SageReal-TECNO P5S,0,1,1,3.5,4.2.2
6972053524,TECNO-TECNO-Y6,0,0,1,3.5,4.4.2
4202412536,SageReal-TECNO H5,1,0,1,3.5,4.2.2
1810141165,TCT-ALCATEL ONE TOUCH 5036D,1,1,1,3.5,4.2.2
4785949170,TECNO-TECNO-H3,0,1,1,3.5,4.4.2
2772007373,samsung-GT-S6790,0,1,1,3.5,4.1.2
6490017335,TECNO-TECNO B5S,0,1,1,3.5,4.3
6094242225,samsung-SM-G355H,0,1,1,3.5,4.4.2
9889040447,samsung-GT-I8200,0,1,1,3.5,4.2.2
6768500803,itel-itel IT1351E,0,1,0,3.2,4.1.2
2121469740,SageReal-TECNO P5S,0,0,1,3.5,4.2.2
2847751420,samsung-SM-J100H,0,1,1,3.5,4.4.4
4473052530,samsung-GT-S5301,0,1,1,3.5,4.0.4
5213679097,HUAWEI-HUAWEI Y330-U01,0,1,1,3.5,4.2.2
5507647821,TECNO-TECNO H6,0,0,1,3.5,4.4.2
7547786426,samsung-GT-I9300,0,1,1,3.0,4.3
4702513294,TECNO-TECNO-M3,0,0,1,3.5,4.4.2
4461208066,TECNO-TECNO-M6S,0,1,1,3.5,4.4.2
6504272298,SageReal-TECNO P5S,0,0,1,3.5,4.2.2
1174725935,TECNO-TECNO-A7,0,1,1,3.5,4.4.2
3116973938,samsung-GT-I9300,0,1,1,3.5,4.3
5781556178,HUAWEI-HUAWEI Y330-U01,0,0,1,3.5,4.2.2
7161900629,samsung-GT-S6790,0,1,1,3.5,4.1.2
6640166679,alps-GT-I9190,0,1,1,3.4,4.4.4
