person_id_random,nLoans,loanStartDates,loanPaidDates,currentDate
7346661357,1,2015-03-03,,2015-08-19
9468184407,1,2015-07-21,2015-08-15,2015-08-19
2990883566,1,2014-12-29,,2015-08-19
2320175519,6,2015-05-08;2015-05-29;2015-06-15;2015-07-03;2015-08-01;2015-08-17,2015-05-26;2015-06-15;2015-07-03;2015-07-30;2015-08-17,2015-08-19
5330295937,5,2014-05-23;2014-06-09;2014-06-20;2014-07-14;2014-08-05,2014-06-08;2014-06-20;2014-07-05;2014-08-04,2015-08-19
7629417453,1,2015-06-02,,2015-08-19
5594363895,1,2015-07-20,,2015-08-19
5935455253,2,2015-02-28;2015-03-14,2015-03-14,2015-08-19
5254531566,8,2015-03-17;2015-04-07;2015-04-22;2015-05-11;2015-05-30;2015-06-16;2015-07-14;2015-08-06,2015-04-07;2015-04-22;2015-05-11;2015-05-29;2015-06-16;2015-07-14;2015-08-06,2015-08-19
8230219163,5,2015-05-29;2015-06-08;2015-07-01;2015-07-22;2015-08-09,2015-06-08;2015-06-30;2015-07-22;2015-08-08,2015-08-19
3152634654,2,2015-07-17;2015-08-07,2015-08-07,2015-08-19
7598871262,3,2015-04-09;2015-06-26;2015-07-22,2015-04-27;2015-07-20,2015-08-19
5781556178,3,2015-07-28;2015-08-12;2015-08-14,2015-08-12;2015-08-14,2015-08-19
8834809018,1,2015-04-14,,2015-08-19
7442299181,3,2015-03-25;2015-04-10;2015-04-28,2015-04-08;2015-04-28,2015-08-19
7076340710,2,2015-03-31;2015-06-16,2015-06-10,2015-08-19
5843534196,5,2015-05-30;2015-06-03;2015-06-08;2015-06-29;2015-07-15,2015-06-03;2015-06-08;2015-06-26;2015-07-15,2015-08-19
5563120467,1,2014-06-09,,2015-08-19
3225694348,1,2014-08-18,2014-09-10,2015-08-19
1389690912,5,2015-04-12;2015-05-12;2015-06-07;2015-07-05;2015-07-06,2015-05-04;2015-06-03;2015-07-04;2015-07-06,2015-08-19
9148351638,1,2015-04-25,,2015-08-19
1784191842,5,2015-03-29;2015-05-05;2015-06-06;2015-07-01;2015-08-05,2015-05-05;2015-06-05;2015-07-01;2015-08-05,2015-08-19
4239791639,2,2014-05-07;2014-05-27,2014-05-27;2014-06-17,2015-08-19
8634554863,5,2015-04-15;2015-04-28;2015-05-03;2015-05-19;2015-06-28,2015-04-21;2015-05-02;2015-05-07;2015-06-12;2015-07-20,2015-08-19
7228483529,6,2015-05-30;2015-06-05;2015-06-19;2015-07-03;2015-07-18;2015-08-11,2015-06-05;2015-06-19;2015-07-03;2015-07-18;2015-08-05,2015-08-19
1660359942,2,2015-06-23;2015-07-05,2015-07-05,2015-08-19
4850039402,4,2015-03-29;2015-04-03;2015-04-13;2015-04-27,2015-04-03;2015-04-13;2015-04-27,2015-08-19
3418297468,1,2015-07-05,,2015-08-19
2174427212,5,2015-06-21;2015-06-29;2015-07-06;2015-07-13;2015-08-03,2015-06-29;2015-07-05;2015-07-13;2015-08-03,2015-08-19
2562664921,3,2015-04-22;2015-04-26;2015-05-03,2015-04-26;2015-05-03,2015-08-19
7064844459,3,2015-06-23;2015-07-31;2015-08-15,2015-07-17;2015-08-14,2015-08-19
1112017768,1,2015-05-28,,2015-08-19
3079511469,1,2015-04-26,,2015-08-19
5781022158,1,2014-12-20,,2015-08-19
1853627736,3,2015-05-27;2015-06-17;2015-07-03,2015-06-17;2015-07-03,2015-08-19
8401108350,1,2015-07-22,,2015-08-19
7035285544,7,2015-06-02;2015-06-14;2015-06-17;2015-07-03;2015-07-17;2015-07-31;2015-08-10,2015-06-12;2015-06-17;2015-07-02;2015-07-17;2015-07-31;2015-08-10,2015-08-19
2893571939,5,2015-06-05;2015-06-15;2015-06-29;2015-07-22;2015-08-15,2015-06-15;2015-06-29;2015-07-19;2015-08-14,2015-08-19
7371265289,2,2015-04-09;2015-04-16,2015-04-16,2015-08-19
1775406254,1,2014-09-22,,2015-08-19
4509848841,7,2015-03-11;2015-03-27;2015-04-08;2015-04-30;2015-05-20;2015-06-12;2015-07-17,2015-03-27;2015-04-05;2015-04-29;2015-05-20;2015-06-12;2015-07-17,2015-08-19
9013261149,5,2015-05-29;2015-06-05;2015-06-11;2015-06-19;2015-07-15,2015-06-05;2015-06-10;2015-06-19;2015-07-15,2015-08-19
9500422035,3,2015-06-19;2015-07-21;2015-08-10,2015-07-12;2015-08-10,2015-08-19
8710405577,1,2015-06-16,,2015-08-19
3988203332,11,2015-06-09;2015-06-22;2015-06-30;2015-07-05;2015-07-12;2015-07-17;2015-07-24;2015-07-30;2015-08-05;2015-08-11;2015-08-19,2015-06-15;2015-06-29;2015-07-04;2015-07-12;2015-07-14;2015-07-22;2015-07-28;2015-08-03;2015-08-10;2015-08-19,2015-08-19
8387614970,4,2015-05-21;2015-06-17;2015-07-17;2015-08-07,2015-06-09;2015-07-15;2015-08-07,2015-08-19
6526183719,1,2014-07-17,,2015-08-19
5331332312,6,2015-02-11;2015-03-11;2015-04-10;2015-05-05;2015-06-04;2015-06-27,2015-03-04;2015-04-01;2015-05-01;2015-05-25;2015-06-25;2015-07-24,2015-08-19
8540590529,7,2014-10-16;2014-11-17;2014-12-07;2015-03-10;2015-04-13;2015-06-12;2015-06-30,2014-11-15;2014-12-05;2015-01-10;2015-04-03;2015-05-25;2015-06-30,2015-08-19
3540597152,1,2015-07-10,,2015-08-19
6620932848,1,2014-09-21,,2015-08-19
1795159548,1,2015-07-17,,2015-08-19
6872355869,7,2015-04-25;2015-04-26;2015-04-28;2015-05-05;2015-05-14;2015-05-26;2015-08-04,2015-04-26;2015-04-28;2015-05-04;2015-05-12;2015-05-24;2015-06-19,2015-08-19
4756053552,2,2015-07-24;2015-08-14,2015-08-14,2015-08-19
2372935146,6,2015-04-03;2015-04-11;2015-04-25;2015-05-10;2015-05-22;2015-06-13,2015-04-11;2015-04-25;2015-05-10;2015-05-22;2015-06-12,2015-08-19
2287514871,1,2014-05-03,2014-05-24,2015-08-19
2358807840,1,2014-06-17,,2015-08-19
7318322753,1,2015-03-27,,2015-08-19
6562772473,1,2015-05-19,,2015-08-19
8017301815,3,2015-07-18;2015-08-09;2015-08-13,2015-08-09;2015-08-13,2015-08-19
6540024121,6,2015-06-13;2015-06-22;2015-06-25;2015-07-10;2015-07-24;2015-08-05,2015-06-21;2015-06-24;2015-07-10;2015-07-23;2015-07-29,2015-08-19
1463175554,4,2015-03-19;2015-04-10;2015-05-05;2015-05-25,2015-04-10;2015-04-30;2015-05-25;2015-06-17,2015-08-19
9443631847,5,2015-04-02;2015-04-09;2015-04-14;2015-04-21;2015-05-09,2015-04-09;2015-04-14;2015-04-21;2015-04-28,2015-08-19
8392403933,23,2014-10-02;2014-10-16;2014-11-04;2014-11-19;2014-12-07;2014-12-24;2015-01-07;2015-01-21;2015-01-30;2015-02-07;2015-02-16;2015-02-23;2015-03-02;2015-03-09;2015-03-17;2015-03-27;2015-04-10;2015-04-25;2015-05-09;2015-05-26;2015-06-15;2015-07-09;2015-07-31,2014-10-16;2014-11-04;2014-11-18;2014-12-07;2014-12-24;2015-01-07;2015-01-21;2015-01-30;2015-02-07;2015-02-16;2015-02-23;2015-03-02;2015-03-09;2015-03-17;2015-03-27;2015-04-10;2015-04-25;2015-05-09;2015-05-26;2015-06-15;2015-07-09;2015-07-31,2015-08-19
3686319819,3,2015-07-08;2015-07-13;2015-08-08,2015-07-13;2015-08-03,2015-08-19
3818103704,5,2015-03-30;2015-04-14;2015-06-02;2015-07-09;2015-08-14,2015-04-05;2015-04-27;2015-06-23;2015-07-28,2015-08-19
5804388965,3,2015-03-29;2015-04-15;2015-04-30,2015-04-15;2015-04-29,2015-08-19
5815782196,1,2014-12-11,,2015-08-19
1288086652,4,2015-07-08;2015-07-15;2015-07-21;2015-08-07,2015-07-14;2015-07-16;2015-07-27;2015-08-12,2015-08-19
5048210603,1,2015-02-28,,2015-08-19
4792563816,2,2015-05-29;2015-06-09,2015-06-09,2015-08-19
6374813065,6,2015-07-02;2015-07-14;2015-07-22;2015-07-30;2015-08-06;2015-08-17,2015-07-14;2015-07-21;2015-07-28;2015-08-06;2015-08-17,2015-08-19
6687103750,5,2015-01-21;2015-02-12;2015-03-01;2015-03-07;2015-04-28,2015-02-04;2015-02-28;2015-03-06;2015-04-28,2015-08-19
6491386882,2,2015-03-19;2015-06-20,2015-04-09;2015-07-11,2015-08-19
9973267281,3,2015-03-23;2015-04-10;2015-04-18,2015-04-10;2015-04-18,2015-08-19
4042825054,5,2015-04-27;2015-05-05;2015-05-23;2015-06-17;2015-08-07,2015-05-02;2015-05-13;2015-06-15;2015-07-15,2015-08-19
6917193248,2,2015-03-17;2015-04-09,2015-04-07,2015-08-19
3752805269,3,2015-06-27;2015-07-17;2015-08-07,2015-07-17;2015-08-07,2015-08-19
5903857819,1,2015-01-29,,2015-08-19
5570008040,4,2015-07-15;2015-07-20;2015-07-21;2015-07-31,2015-07-20;2015-07-21;2015-07-31,2015-08-19
2612671805,1,2014-10-24,,2015-08-19
4746602099,1,2015-07-24,2015-08-13,2015-08-19
1733220813,3,2015-07-14;2015-08-08;2015-08-16,2015-08-04;2015-08-16,2015-08-19
5377931105,4,2014-06-16;2014-10-22;2014-11-09;2014-12-20,2014-07-07;2014-11-05;2014-12-17,2015-08-19
5826558835,7,2014-09-27;2014-10-04;2014-10-27;2014-11-18;2014-12-12;2015-01-11;2015-01-29,2014-10-04;2014-10-27;2014-11-17;2014-12-10;2015-01-02;2015-01-29,2015-08-19
6177775040,1,2015-03-27,,2015-08-19
7419788148,1,2014-12-06,,2015-08-19
3764746080,4,2014-07-29;2014-09-04;2014-09-09;2014-10-01,2014-08-19;2014-09-09;2014-09-19,2015-08-19
2436738636,1,2015-05-25,,2015-08-19
1616151767,1,2015-04-03,,2015-08-19
5449485614,9,2015-03-28;2015-04-14;2015-04-27;2015-05-09;2015-05-26;2015-06-04;2015-06-23;2015-07-19;2015-08-15,2015-04-04;2015-04-27;2015-05-08;2015-05-25;2015-06-03;2015-06-19;2015-07-13,2015-08-19
7472748908,6,2015-04-20;2015-05-17;2015-06-08;2015-06-12;2015-06-13;2015-06-13,2015-05-03;2015-06-08;2015-06-12;2015-06-13;2015-06-13,2015-08-19
3785558347,4,2015-06-22;2015-07-05;2015-07-22;2015-08-12,2015-07-05;2015-07-22;2015-08-11,2015-08-19
9677770426,2,2015-03-03;2015-03-12,2015-03-12,2015-08-19
3483024126,2,2015-07-25;2015-08-12,2015-08-12,2015-08-19
1743432522,10,2015-03-30;2015-04-12;2015-04-28;2015-05-10;2015-05-23;2015-06-08;2015-07-10;2015-07-14;2015-08-04;2015-08-14,2015-04-10;2015-04-19;2015-05-09;2015-05-20;2015-06-03;2015-06-16;2015-07-12;2015-07-15;2015-08-08,2015-08-19
5898120995,10,2015-06-10;2015-06-17;2015-06-22;2015-06-27;2015-07-06;2015-07-13;2015-07-21;2015-07-28;2015-08-12;2015-08-19,2015-06-17;2015-06-22;2015-06-27;2015-07-04;2015-07-13;2015-07-20;2015-07-28;2015-08-12;2015-08-19,2015-08-19
5120292396,1,2014-11-04,,2015-08-19
9808214543,1,2015-04-10,,2015-08-19
2571797067,3,2015-07-14;2015-08-08;2015-08-17,2015-08-08;2015-08-12,2015-08-19
4342241928,1,2014-05-15,,2015-08-19
5574393088,5,2015-05-11;2015-05-16;2015-05-17;2015-05-25;2015-06-08,2015-05-16;2015-05-17;2015-05-25;2015-06-08,2015-08-19
9045211188,5,2015-07-02;2015-07-03;2015-07-06;2015-07-09;2015-08-01,2015-07-03;2015-07-06;2015-07-09;2015-08-01,2015-08-19
9255169851,4,2015-07-04;2015-07-22;2015-07-22;2015-08-06,2015-07-21;2015-07-22;2015-08-06,2015-08-19
7930805770,1,2014-12-18,,2015-08-19
8714622022,4,2015-05-19;2015-06-14;2015-07-20;2015-07-23,2015-06-10;2015-07-09;2015-07-23,2015-08-19
3744930975,1,2015-01-08,,2015-08-19
8450552497,1,2015-03-09,2015-03-30,2015-08-19
3054378668,5,2015-06-16;2015-06-23;2015-06-30;2015-07-08;2015-07-28,2015-06-23;2015-06-30;2015-07-07;2015-07-28,2015-08-19
6507014956,2,2015-04-02;2015-04-13,2015-04-13,2015-08-19
6055146943,1,2015-04-09,,2015-08-19
1978413484,1,2014-06-12,2014-07-03,2015-08-19
7258285849,2,2014-12-16;2015-01-06,2015-01-05,2015-08-19
1998097878,8,2015-03-24;2015-04-16;2015-05-07;2015-05-19;2015-06-11;2015-07-06;2015-08-01;2015-08-17,2015-04-14;2015-05-04;2015-05-19;2015-06-09;2015-07-01;2015-08-01;2015-08-17,2015-08-19
6768500803,2,2015-07-27;2015-08-06,2015-08-04,2015-08-19
1921206894,3,2015-06-26;2015-07-19;2015-08-10,2015-07-18;2015-08-09,2015-08-19
2669649960,1,2014-05-27,,2015-08-19
8155541862,1,2015-04-16,2015-04-30,2015-08-19
3080908054,7,2015-04-01;2015-04-21;2015-04-27;2015-05-16;2015-05-25;2015-06-08;2015-08-15,2015-04-21;2015-04-27;2015-05-16;2015-05-25;2015-06-08;2015-08-15,2015-08-19
9367555536,1,2015-06-20,,2015-08-19
9984848342,3,2015-06-22;2015-07-13;2015-08-04,2015-07-13;2015-08-04,2015-08-19
8993973315,2,2015-07-16;2015-07-24,2015-07-17,2015-08-19
7389317375,7,2015-05-31;2015-06-05;2015-06-17;2015-06-23;2015-07-03;2015-07-23;2015-08-01,2015-06-05;2015-06-17;2015-06-23;2015-06-30;2015-07-23;2015-08-01;2015-08-15,2015-08-19
3561640239,1,2015-05-06,,2015-08-19
9754677030,3,2015-04-09;2015-04-28;2015-08-14,2015-04-28;2015-08-10,2015-08-19
4951166708,5,2015-03-29;2015-04-20;2015-05-21;2015-06-17;2015-07-22,2015-04-16;2015-05-21;2015-06-17;2015-07-22,2015-08-19
7549961913,1,2014-10-30,,2015-08-19
2151915927,2,2015-07-10;2015-07-25,2015-07-25;2015-08-07,2015-08-19
3585535472,2,2014-05-07;2014-06-03,2014-06-03,2015-08-19
3517910470,1,2015-05-22,,2015-08-19
5115392371,2,2015-05-06;2015-08-04,2015-05-27,2015-08-19
5174506041,3,2015-06-29;2015-07-20;2015-08-06,2015-07-20;2015-07-27,2015-08-19
1197328073,3,2015-07-18;2015-08-09;2015-08-15,2015-08-08;2015-08-15,2015-08-19
4002742728,12,2014-08-18;2014-08-25;2014-09-26;2014-10-18;2014-11-25;2014-12-19;2015-01-25;2015-02-23;2015-03-13;2015-05-18;2015-06-19;2015-07-13,2014-08-25;2014-09-15;2014-10-16;2014-11-04;2014-12-15;2015-01-24;2015-02-23;2015-03-12;2015-05-04;2015-06-01;2015-07-13;2015-08-04,2015-08-19
5816669626,8,2015-05-07;2015-05-21;2015-06-05;2015-06-12;2015-06-26;2015-07-13;2015-07-28;2015-08-17,2015-05-20;2015-06-05;2015-06-12;2015-06-26;2015-07-13;2015-07-28;2015-08-16,2015-08-19
8251050249,3,2015-07-11;2015-07-30;2015-08-08,2015-07-30;2015-08-03,2015-08-19
7640935498,2,2014-07-24;2014-09-08,2014-09-04,2015-08-19
5657424461,9,2015-04-11;2015-04-18;2015-04-24;2015-05-07;2015-05-30;2015-07-06;2015-07-20;2015-07-29;2015-08-17,2015-04-18;2015-04-24;2015-05-07;2015-05-30;2015-06-25;2015-07-19;2015-07-29;2015-08-16,2015-08-19
2567699254,6,2015-05-11;2015-05-30;2015-06-12;2015-06-26;2015-07-11;2015-07-28,2015-05-26;2015-06-12;2015-06-25;2015-07-10;2015-07-28,2015-08-19
8100109588,1,2015-07-19,,2015-08-19
2373167024,2,2015-06-09;2015-07-01,2015-06-30,2015-08-19
6166787811,1,2015-07-14,,2015-08-19
5799676461,2,2014-06-03;2014-11-04,2014-07-31,2015-08-19
4906074010,2,2015-06-29;2015-07-16,2015-07-15,2015-08-19
1355461896,3,2015-06-20;2015-07-08;2015-08-06,2015-07-08;2015-08-05,2015-08-19
2003808034,2,2015-06-12;2015-07-04,2015-06-30;2015-07-10,2015-08-19
1817487983,20,2014-05-21;2014-06-11;2014-07-14;2014-08-05;2014-08-26;2014-09-09;2014-09-30;2014-10-25;2014-11-17;2014-12-15;2015-01-14;2015-02-05;2015-02-24;2015-03-17;2015-04-13;2015-05-08;2015-05-31;2015-06-23;2015-07-11;2015-08-08,2014-06-11;2014-07-02;2014-08-02;2014-08-23;2014-09-08;2014-09-30;2014-10-17;2014-11-12;2014-12-08;2015-01-04;2015-01-30;2015-02-24;2015-03-16;2015-04-07;2015-05-04;2015-05-30;2015-06-22;2015-07-11,2015-08-19
7430130268,8,2015-02-28;2015-03-09;2015-03-24;2015-04-13;2015-04-28;2015-05-26;2015-07-13;2015-08-11,2015-03-09;2015-03-24;2015-04-13;2015-04-28;2015-05-26;2015-07-13;2015-08-11,2015-08-19
7470733511,3,2015-04-03;2015-04-21;2015-05-02,2015-04-20;2015-05-02,2015-08-19
3565083094,1,2014-08-29,,2015-08-19
8389868976,3,2015-03-14;2015-05-01;2015-05-31,2015-04-02;2015-05-22,2015-08-19
4020568831,2,2015-02-23;2015-03-12,2015-03-12,2015-08-19
1183321030,3,2014-06-16;2014-07-03;2014-10-14,2014-07-02;2014-07-15,2015-08-19
7378814827,14,2014-10-01;2014-10-21;2014-11-12;2014-12-07;2014-12-30;2015-01-22;2015-02-20;2015-03-10;2015-03-31;2015-04-22;2015-05-13;2015-05-28;2015-06-15;2015-07-15,2014-10-20;2014-11-12;2014-12-05;2014-12-29;2015-01-20;2015-02-14;2015-03-10;2015-03-28;2015-04-22;2015-05-13;2015-05-28;2015-06-15;2015-07-11,2015-08-19
3380009999,2,2015-07-01;2015-08-03,2015-07-31,2015-08-19
2776111859,4,2015-06-18;2015-07-10;2015-07-27;2015-08-09,2015-07-02;2015-07-27;2015-08-06,2015-08-19
1314735035,2,2015-07-17;2015-08-09,2015-08-09,2015-08-19
4002692992,2,2015-06-01;2015-06-09,2015-06-09,2015-08-19
7822001133,3,2015-07-20;2015-07-28;2015-08-13,2015-07-28;2015-08-13,2015-08-19
1676546225,1,2015-07-06,,2015-08-19
9513977406,1,2014-08-28,,2015-08-19
3670141772,2,2014-05-20;2014-05-30,2014-05-30,2015-08-19
7366844365,1,2015-05-15,,2015-08-19
3061012163,2,2015-07-09;2015-08-05,2015-07-30,2015-08-19
1497166208,6,2015-03-29;2015-05-10;2015-06-02;2015-06-27;2015-07-20;2015-08-11,2015-04-17;2015-05-31;2015-06-23;2015-07-19;2015-08-11,2015-08-19
9889040447,1,2015-07-27,,2015-08-19
2016018499,1,2015-04-27,,2015-08-19
4110112364,2,2015-07-04;2015-07-25,2015-07-25;2015-08-17,2015-08-19
4656062708,21,2014-04-22;2014-04-22;2014-05-30;2014-06-18;2014-07-25;2014-08-16;2014-09-04;2014-09-25;2014-10-21;2014-12-01;2014-12-23;2015-01-12;2015-01-24;2015-02-07;2015-03-01;2015-03-21;2015-04-13;2015-05-01;2015-06-16;2015-07-10;2015-08-05,2014-04-22;2014-05-13;2014-06-18;2014-07-11;2014-08-15;2014-09-03;2014-09-24;2014-10-17;2014-11-04;2014-12-19;2015-01-08;2015-01-21;2015-02-06;2015-03-01;2015-03-21;2015-04-13;2015-05-01;2015-06-12;2015-07-10;2015-08-05,2015-08-19
7961977516,1,2015-03-31,,2015-08-19
3219677874,1,2014-09-07,,2015-08-19
1006266651,1,2015-07-22,,2015-08-19
3596771176,2,2015-06-21;2015-06-28,2015-06-28,2015-08-19
5741429746,3,2015-03-27;2015-04-09;2015-05-09,2015-04-02;2015-05-03,2015-08-19
1516706338,1,2014-08-29,,2015-08-19
8638580379,2,2015-07-15;2015-08-03,2015-08-03,2015-08-19
8000018034,4,2015-05-29;2015-06-12;2015-06-26;2015-07-17,2015-06-12;2015-06-26;2015-07-17;2015-08-07,2015-08-19
7303163256,10,2015-04-03;2015-04-14;2015-05-02;2015-05-13;2015-05-27;2015-06-10;2015-06-24;2015-07-11;2015-07-25;2015-08-09,2015-04-14;2015-04-29;2015-05-13;2015-05-27;2015-06-10;2015-06-24;2015-07-04;2015-07-25;2015-08-09,2015-08-19
1670455912,2,2015-05-30;2015-08-04,2015-06-12,2015-08-19
7020135676,5,2015-06-29;2015-07-07;2015-07-17;2015-08-01;2015-08-17,2015-07-06;2015-07-16;2015-08-01;2015-08-16,2015-08-19
7581223009,2,2015-07-08;2015-08-01,2015-07-29,2015-08-19
7088580488,2,2015-07-18;2015-08-11,2015-08-09,2015-08-19
3743259894,1,2015-07-22,2015-08-07,2015-08-19
9366636131,4,2015-06-15;2015-06-29;2015-07-20;2015-08-18,2015-06-27;2015-07-19;2015-08-10,2015-08-19
7777374938,2,2014-06-08;2014-07-18,2014-07-07,2015-08-19
3401108129,1,2014-12-24,,2015-08-19
8716883625,4,2015-05-29;2015-06-15;2015-06-30;2015-08-03,2015-06-15;2015-06-29;2015-07-22,2015-08-19
4097229256,6,2015-02-10;2015-03-10;2015-04-13;2015-05-13;2015-07-08;2015-08-01,2015-03-03;2015-04-02;2015-05-01;2015-06-30;2015-08-01,2015-08-19
6033880411,10,2015-01-26;2015-02-14;2015-03-07;2015-03-28;2015-04-18;2015-05-07;2015-05-26;2015-06-13;2015-07-04;2015-07-25,2015-02-13;2015-03-07;2015-03-28;2015-04-18;2015-05-07;2015-05-26;2015-06-13;2015-07-04;2015-07-25,2015-08-19
1777949145,7,2015-05-29;2015-06-05;2015-06-12;2015-06-30;2015-07-19;2015-07-31;2015-08-15,2015-06-05;2015-06-12;2015-06-29;2015-07-07;2015-07-30;2015-08-14,2015-08-19
4738098277,11,2015-03-29;2015-04-16;2015-04-24;2015-05-04;2015-05-12;2015-05-20;2015-06-03;2015-06-18;2015-07-02;2015-07-20;2015-08-05,2015-04-16;2015-04-23;2015-05-04;2015-05-12;2015-05-19;2015-06-03;2015-06-18;2015-07-02;2015-07-20;2015-08-04,2015-08-19
8057731840,1,2014-07-23,,2015-08-19
1299427536,1,2014-07-23,2014-09-03,2015-08-19
7585759305,1,2014-09-11,,2015-08-19
4581264233,1,2015-04-02,,2015-08-19
1272813046,4,2015-02-10;2015-05-13;2015-06-01;2015-06-13,2015-03-03;2015-06-01;2015-06-13,2015-08-19
9745064088,3,2015-05-02;2015-06-08;2015-06-11,2015-06-06;2015-06-10,2015-08-19
5682976418,1,2015-05-14,2015-06-04,2015-08-19
2398603694,3,2015-05-25;2015-06-10;2015-06-13,2015-06-10;2015-06-13,2015-08-19
3010231585,2,2015-07-09;2015-07-29,2015-07-22;2015-08-07,2015-08-19
5085179989,13,2014-10-02;2014-10-16;2014-10-31;2014-11-21;2014-12-06;2014-12-16;2014-12-31;2015-01-19;2015-02-10;2015-03-06;2015-03-27;2015-04-23;2015-05-05,2014-10-15;2014-10-30;2014-11-18;2014-12-05;2014-12-10;2014-12-30;2015-01-16;2015-02-10;2015-03-03;2015-03-27;2015-04-20;2015-04-30,2015-08-19
6015554652,7,2015-05-20;2015-05-27;2015-05-31;2015-06-12;2015-06-27;2015-07-11;2015-07-25,2015-05-27;2015-05-31;2015-06-12;2015-06-27;2015-07-11;2015-07-25,2015-08-19
4461208066,2,2015-07-28;2015-08-12,2015-08-11,2015-08-19
3252413480,12,2015-02-22;2015-03-13;2015-03-25;2015-04-08;2015-04-21;2015-05-04;2015-05-21;2015-06-10;2015-06-24;2015-07-11;2015-07-22;2015-08-09,2015-03-13;2015-03-25;2015-04-08;2015-04-21;2015-05-04;2015-05-21;2015-06-10;2015-06-24;2015-07-11;2015-07-22;2015-08-09,2015-08-19
2151054057,5,2014-10-10;2014-10-28;2014-11-19;2014-12-06;2014-12-19,2014-10-28;2014-11-18;2014-12-06;2014-12-18,2015-08-19
6224726229,1,2015-03-19,,2015-08-19
5945488348,2,2015-03-15;2015-04-09,2015-04-03,2015-08-19
8946883110,2,2015-04-13;2015-05-20,2015-05-20,2015-08-19
1615532287,7,2015-06-13;2015-06-17;2015-06-30;2015-07-08;2015-07-18;2015-07-24;2015-08-14,2015-06-16;2015-06-30;2015-07-08;2015-07-18;2015-07-24;2015-08-12,2015-08-19
6768006410,2,2015-01-26;2015-02-16,2015-02-15,2015-08-19
4811992520,1,2015-03-19,,2015-08-19
3624329372,1,2014-08-29,,2015-08-19
1280507511,1,2014-10-01,,2015-08-19
2033348143,1,2015-04-30,,2015-08-19
5217601507,2,2015-07-10;2015-07-30,2015-07-30,2015-08-19
9453964086,1,2014-07-21,,2015-08-19
5511930733,3,2015-07-24;2015-07-29;2015-08-08,2015-07-29;2015-08-08,2015-08-19
7268198319,1,2015-07-14,2015-08-15,2015-08-19
6268509017,3,2014-09-23;2014-10-17;2014-11-05,2014-10-17;2014-11-04,2015-08-19
7502458411,3,2015-04-22;2015-05-17;2015-06-14,2015-05-12;2015-06-12,2015-08-19
4740365226,5,2015-03-31;2015-04-16;2015-04-21;2015-05-05;2015-05-27,2015-04-13;2015-04-21;2015-05-05;2015-05-25,2015-08-19
8550857009,4,2015-06-16;2015-07-07;2015-07-22;2015-08-06,2015-07-07;2015-07-21;2015-08-06,2015-08-19
5312329083,2,2015-07-29;2015-08-12,2015-08-12,2015-08-19
3321063881,3,2015-03-17;2015-06-05;2015-07-20,2015-04-02;2015-06-27,2015-08-19
8609804338,2,2015-07-17;2015-08-11,2015-08-04;2015-08-18,2015-08-19
5988618720,2,2015-03-09;2015-07-08,2015-03-27,2015-08-19
2648460353,7,2015-04-09;2015-04-14;2015-04-29;2015-05-13;2015-05-26;2015-06-10;2015-07-01,2015-04-14;2015-04-28;2015-05-13;2015-05-26;2015-06-09;2015-06-30,2015-08-19
1648126910,1,2015-07-21,,2015-08-19
2345287133,1,2015-07-26,2015-08-12,2015-08-19
5359782636,3,2015-03-25;2015-05-03;2015-05-04,2015-05-03;2015-05-04,2015-08-19
8053556486,3,2015-06-29;2015-07-28;2015-08-03,2015-07-20;2015-08-03,2015-08-19
4493372220,5,2015-03-01;2015-03-11;2015-04-07;2015-05-07;2015-06-01,2015-03-11;2015-04-07;2015-05-07;2015-06-01,2015-08-19
8126857977,2,2015-05-22;2015-07-15,2015-06-10,2015-08-19
4792942529,6,2015-04-16;2015-04-23;2015-04-27;2015-05-21;2015-06-16;2015-07-24,2015-04-23;2015-04-27;2015-05-21;2015-06-15;2015-07-24,2015-08-19
2704294846,3,2015-06-24;2015-07-08;2015-08-18,2015-07-03;2015-08-06,2015-08-19
9594494228,2,2015-07-14;2015-07-28,2015-07-27;2015-08-17,2015-08-19
4949206686,3,2015-03-11;2015-03-24;2015-04-20,2015-03-23;2015-04-18,2015-08-19
9804175165,13,2015-02-15;2015-02-27;2015-03-13;2015-03-20;2015-03-31;2015-04-08;2015-04-13;2015-04-20;2015-04-27;2015-05-08;2015-05-15;2015-05-22;2015-05-29,2015-02-19;2015-03-13;2015-03-19;2015-03-28;2015-04-08;2015-04-13;2015-04-20;2015-04-27;2015-05-04;2015-05-15;2015-05-22;2015-05-29,2015-08-19
4847988237,4,2015-06-09;2015-06-12;2015-06-15;2015-06-30,2015-06-12;2015-06-15;2015-06-30,2015-08-19
5559702426,3,2015-06-10;2015-07-12;2015-08-17,2015-04-07;2015-08-08,2015-08-19
3738922495,5,2015-06-09;2015-06-14;2015-06-21;2015-06-29;2015-08-05,2015-06-13;2015-06-21;2015-06-28;2015-07-28,2015-08-19
9193097824,1,2014-08-27,,2015-08-19
4116829921,2,2015-05-16;2015-06-05,2015-05-23,2015-08-19
7624836270,1,2015-07-20,2015-08-10,2015-08-19
7125219495,1,2014-07-09,,2015-08-19
7177006216,1,2014-06-13,,2015-08-19
6108121189,3,2015-04-03;2015-05-01;2015-05-01,2015-04-27;2015-05-01,2015-08-19
9851390076,1,2015-07-04,2015-07-24,2015-08-19
3023340127,2,2015-06-14;2015-07-14,2015-07-04;2015-08-15,2015-08-19
5476885599,1,2014-11-06,,2015-08-19
1838116247,8,2015-03-28;2015-04-13;2015-04-20;2015-04-28;2015-05-15;2015-06-30;2015-07-22;2015-08-05,2015-04-13;2015-04-20;2015-04-28;2015-05-15;2015-06-05;2015-07-21;2015-08-05,2015-08-19
4228136505,3,2015-05-22;2015-06-03;2015-08-19,2015-05-28;2015-06-12,2015-08-19
4881579468,1,2015-05-07,,2015-08-19
1316512614,1,2014-08-25,,2015-08-19
4191686819,2,2015-03-19;2015-04-16,2015-04-13,2015-08-19
9923610654,13,2015-03-30;2015-04-09;2015-04-10;2015-04-16;2015-04-24;2015-05-02;2015-05-16;2015-06-08;2015-06-18;2015-06-24;2015-07-13;2015-07-24;2015-08-16,2015-04-06;2015-04-10;2015-04-15;2015-04-17;2015-05-02;2015-05-15;2015-06-07;2015-06-18;2015-06-24;2015-07-11;2015-07-24;2015-08-16,2015-08-19
8484461796,5,2015-05-27;2015-06-12;2015-07-01;2015-07-24;2015-08-16,2015-06-09;2015-07-01;2015-07-22;2015-08-15,2015-08-19
8237091184,2,2015-07-23;2015-07-30,2015-07-30,2015-08-19
1801624265,1,2015-05-20,,2015-08-19
3805746294,1,2015-07-22,,2015-08-19
7386434289,1,2014-12-24,,2015-08-19
5213679097,1,2015-07-28,,2015-08-19
4387253723,1,2015-07-21,,2015-08-19
8362192538,1,2014-08-07,,2015-08-19
9523062306,1,2015-03-12,,2015-08-19
2535099359,1,2014-05-16,,2015-08-19
8719891162,1,2014-08-14,2014-10-14,2015-08-19
4716039696,3,2015-07-19;2015-08-05;2015-08-11,2015-08-05;2015-08-11,2015-08-19
8763192932,1,2014-08-13,,2015-08-19
8150642238,4,2015-03-29;2015-04-20;2015-06-25;2015-07-17,2015-04-20;2015-06-06;2015-07-17,2015-08-19
6207451939,5,2015-04-01;2015-04-21;2015-05-06;2015-06-03;2015-07-02,2015-04-21;2015-05-06;2015-06-02;2015-07-02;2015-07-31,2015-08-19
8476099889,10,2015-03-02;2015-03-20;2015-04-03;2015-04-12;2015-04-28;2015-05-12;2015-06-03;2015-06-21;2015-07-10;2015-08-12,2015-03-20;2015-04-03;2015-04-12;2015-04-28;2015-05-12;2015-06-02;2015-06-20;2015-07-10;2015-07-31,2015-08-19
3282108906,5,2015-05-16;2015-06-06;2015-06-27;2015-07-18;2015-08-08,2015-06-06;2015-06-27;2015-07-18;2015-08-08,2015-08-19
8171435807,1,2015-03-04,,2015-08-19
6640166679,2,2015-07-29;2015-08-13,2015-08-13,2015-08-19
4429479218,6,2015-04-12;2015-05-03;2015-06-16;2015-07-07;2015-07-31;2015-08-18,2015-05-03;2015-05-24;2015-07-07;2015-07-28;2015-08-17,2015-08-19
2412688377,1,2015-06-20,,2015-08-19
5747178338,5,2015-02-16;2015-05-24;2015-06-14;2015-07-21;2015-08-09,2015-03-09;2015-06-07;2015-07-18;2015-08-05,2015-08-19
8594242129,2,2015-07-25;2015-08-15,2015-08-13,2015-08-19
6617821797,3,2015-05-30;2015-06-09;2015-06-26,2015-06-01;2015-06-23;2015-07-17,2015-08-19
3778121349,1,2015-05-28,,2015-08-19
7331238292,9,2015-04-27;2015-05-09;2015-05-13;2015-05-26;2015-06-15;2015-07-06;2015-07-17;2015-07-31;2015-08-18,2015-05-09;2015-05-13;2015-05-25;2015-06-15;2015-07-05;2015-07-17;2015-07-31;2015-08-14,2015-08-19
3331565180,3,2015-05-29;2015-06-15;2015-06-25,2015-06-15;2015-06-25,2015-08-19
6094242225,1,2015-07-27,,2015-08-19
7743920692,2,2015-07-02;2015-07-18,2015-07-16,2015-08-19
6430736429,2,2015-07-13;2015-08-12,2015-07-30,2015-08-19
5511522687,3,2015-03-22;2015-04-08;2015-04-18,2015-04-04;2015-04-18,2015-08-19
7614759494,1,2015-07-19,,2015-08-19
2662659101,1,2014-08-13,,2015-08-19
6127719079,5,2015-05-04;2015-05-09;2015-06-12;2015-07-11;2015-08-06,2015-05-06;2015-06-04;2015-07-05;2015-08-04,2015-08-19
9254134796,3,2015-06-21;2015-07-15;2015-08-04,2015-07-15;2015-08-04,2015-08-19
1661126978,2,2015-07-10;2015-08-07,2015-07-31;2015-08-13,2015-08-19
4198273826,1,2014-11-24,,2015-08-19
3602567513,8,2015-04-26;2015-05-06;2015-05-08;2015-05-30;2015-06-18;2015-06-28;2015-07-14;2015-08-02,2015-05-06;2015-05-08;2015-05-30;2015-06-18;2015-06-28;2015-07-13;2015-08-02,2015-08-19
7493785209,2,2015-03-19;2015-04-08,2015-04-06;2015-04-27,2015-08-19
9149555649,13,2015-02-20;2015-03-06;2015-03-17;2015-04-08;2015-04-26;2015-05-20;2015-06-03;2015-06-17;2015-06-27;2015-07-05;2015-07-18;2015-08-10;2015-08-18,2015-03-06;2015-03-17;2015-04-07;2015-04-26;2015-05-15;2015-06-03;2015-06-17;2015-06-27;2015-07-05;2015-07-18;2015-08-09;2015-08-18,2015-08-19
2696051892,2,2015-07-19;2015-08-02,2015-08-02,2015-08-19
7289370646,3,2015-06-01;2015-06-24;2015-07-23,2015-06-23;2015-07-22,2015-08-19
4724843699,1,2015-07-17,2015-08-07,2015-08-19
5665931957,4,2015-06-16;2015-07-03;2015-07-21;2015-08-13,2015-07-03;2015-07-21;2015-08-12,2015-08-19
1782793085,8,2015-02-17;2015-02-25;2015-03-04;2015-03-18;2015-04-14;2015-05-13;2015-06-13;2015-07-13,2015-02-24;2015-03-04;2015-03-18;2015-04-13;2015-05-13;2015-06-13;2015-07-13,2015-08-19
2422995126,2,2015-03-23;2015-05-04,2015-04-21;2015-07-09,2015-08-19
7091985427,8,2015-03-31;2015-04-14;2015-04-24;2015-05-13;2015-05-26;2015-06-25;2015-07-28;2015-08-18,2015-04-13;2015-04-24;2015-05-13;2015-05-26;2015-06-25;2015-07-26;2015-08-18,2015-08-19
5868139297,3,2014-07-18;2014-08-05;2014-10-10,2014-08-05;2014-10-09,2015-08-19
8460627016,3,2015-03-30;2015-04-14;2015-04-30,2015-04-14;2015-04-28,2015-08-19
5108315568,4,2014-07-30;2014-09-13;2014-09-29;2014-11-03,2014-08-30;2014-09-27;2014-10-31,2015-08-19
5126578428,10,2015-02-05;2015-02-26;2015-03-20;2015-04-11;2015-05-02;2015-05-25;2015-06-16;2015-07-07;2015-07-28;2015-08-13,2015-02-26;2015-03-19;2015-04-10;2015-05-02;2015-05-25;2015-06-16;2015-07-07;2015-07-28;2015-08-13,2015-08-19
3294533408,33,2014-09-24;2014-10-10;2014-10-27;2014-11-07;2014-11-17;2014-11-24;2014-12-01;2014-12-10;2014-12-19;2014-12-23;2015-01-01;2015-01-08;2015-01-19;2015-01-29;2015-02-06;2015-02-19;2015-03-05;2015-03-12;2015-03-21;2015-03-28;2015-04-07;2015-04-15;2015-05-01;2015-05-10;2015-05-17;2015-05-28;2015-06-06;2015-06-13;2015-06-21;2015-06-30;2015-07-09;2015-07-24;2015-08-01,2014-10-10;2014-10-27;2014-11-07;2014-11-17;2014-11-24;2014-12-01;2014-12-10;2014-12-19;2014-12-23;2015-01-01;2015-01-08;2015-01-18;2015-01-29;2015-02-06;2015-02-18;2015-03-05;2015-03-12;2015-03-21;2015-03-28;2015-04-04;2015-04-15;2015-05-01;2015-05-10;2015-05-17;2015-05-28;2015-06-06;2015-06-13;2015-06-21;2015-06-28;2015-07-09;2015-07-24;2015-08-01,2015-08-19
5212256963,3,2015-06-19;2015-07-04;2015-07-14,2015-06-26;2015-07-14,2015-08-19
3201754709,8,2015-02-27;2015-03-17;2015-03-24;2015-04-02;2015-04-22;2015-05-08;2015-06-04;2015-07-02,2015-03-17;2015-03-24;2015-03-31;2015-04-22;2015-05-08;2015-06-04;2015-07-02,2015-08-19
1892120669,2,2015-06-04;2015-07-08,2015-06-26;2015-08-02,2015-08-19
2258471198,6,2015-05-06;2015-05-23;2015-06-07;2015-06-29;2015-07-17;2015-08-14,2015-05-23;2015-06-06;2015-06-27;2015-07-17;2015-08-07,2015-08-19
2724136679,4,2015-03-04;2015-03-19;2015-04-09;2015-04-24,2015-03-19;2015-04-09;2015-04-24,2015-08-19
5777469792,2,2014-09-23;2014-10-15,2014-10-14,2015-08-19
1911454239,1,2014-06-01,,2015-08-19
3640580591,2,2015-02-18;2015-03-10,2015-03-10,2015-08-19
1932568661,4,2015-07-07;2015-07-21;2015-08-08;2015-08-18,2015-07-21;2015-08-08;2015-08-18,2015-08-19
6925828638,2,2015-05-24;2015-06-12,2015-06-12,2015-08-19
1104389006,3,2015-06-10;2015-07-19;2015-08-08,2015-07-10;2015-08-08,2015-08-19
2974671365,4,2015-03-04;2015-04-27;2015-06-23;2015-07-22,2015-04-21;2015-06-23;2015-07-21,2015-08-19
4088430688,1,2014-08-08,,2015-08-19
9517700838,1,2015-04-09,,2015-08-19
6408292681,2,2015-06-27;2015-07-20,2015-07-18,2015-08-19
4396948561,1,2014-12-03,,2015-08-19
5809370917,1,2015-07-23,,2015-08-19
1011938779,2,2015-03-07;2015-03-11,2015-03-11,2015-08-19
9562149901,4,2015-04-24;2015-05-20;2015-07-17;2015-08-06,2015-05-15;2015-06-10;2015-08-06,2015-08-19
5537661525,2,2015-03-27;2015-04-08,2015-04-03,2015-08-19
1537018341,3,2014-08-13;2014-09-20;2014-10-11,2014-09-20;2014-10-11,2015-08-19
7073326976,4,2015-06-02;2015-06-08;2015-06-24;2015-07-08,2015-06-08;2015-06-24;2015-07-08;2015-07-24,2015-08-19
6825768883,3,2015-06-15;2015-07-04;2015-08-04,2015-07-03;2015-08-01,2015-08-19
8735273100,3,2015-06-25;2015-07-22;2015-08-11,2015-07-16;2015-08-11,2015-08-19
4146622581,2,2014-09-10;2014-10-14,2014-10-14,2015-08-19
5064137410,6,2015-02-27;2015-03-17;2015-04-03;2015-04-24;2015-05-22;2015-06-17,2015-03-14;2015-04-01;2015-04-24;2015-05-20;2015-06-13,2015-08-19
3435646267,6,2014-09-26;2014-10-31;2014-11-26;2015-01-07;2015-02-09;2015-03-23,2014-10-17;2014-11-21;2014-12-21;2015-02-04;2015-03-21,2015-08-19
7381703622,3,2015-07-04;2015-07-18;2015-08-19,2015-07-12;2015-07-23,2015-08-19
3525069691,1,2015-02-27,,2015-08-19
4460847262,4,2015-07-24;2015-08-07;2015-08-09;2015-08-15,2015-08-07;2015-08-09;2015-08-15,2015-08-19
3950963431,1,2015-05-07,2015-05-27,2015-08-19
2133314717,3,2015-05-07;2015-05-17;2015-05-20,2015-05-17;2015-05-20,2015-08-19
3419286937,1,2015-06-20,2015-07-17,2015-08-19
5018829972,2,2015-03-30;2015-04-09,2015-04-04,2015-08-19
5004213430,2,2015-07-12;2015-08-11,2015-08-10,2015-08-19
1862148446,4,2015-05-04;2015-05-26;2015-06-11;2015-08-16,2015-05-25;2015-06-10;2015-07-02,2015-08-19
4732601069,3,2015-05-12;2015-05-19;2015-05-28,2015-05-19;2015-05-21,2015-08-19
8278230987,2,2015-02-10;2015-03-04,2015-03-03,2015-08-19
8839970497,16,2014-10-13;2014-10-27;2014-12-13;2015-01-03;2015-01-23;2015-02-06;2015-03-04;2015-03-27;2015-04-28;2015-05-20;2015-06-11;2015-06-29;2015-07-02;2015-07-14;2015-07-29;2015-08-08,2014-10-25;2014-11-17;2015-01-03;2015-01-23;2015-02-05;2015-02-27;2015-03-25;2015-04-17;2015-05-20;2015-06-10;2015-06-27;2015-06-29;2015-07-13;2015-07-28;2015-08-08,2015-08-19
5810007060,1,2014-11-28,,2015-08-19
4337834140,8,2015-04-28;2015-05-13;2015-05-26;2015-06-10;2015-06-22;2015-07-11;2015-07-28;2015-08-19,2015-05-13;2015-05-26;2015-06-10;2015-06-22;2015-07-11;2015-07-28;2015-08-19,2015-08-19
5979082957,1,2015-07-23,2015-08-06,2015-08-19
4030617594,3,2015-04-02;2015-04-28;2015-05-12,2015-04-27;2015-05-12,2015-08-19
3082010991,5,2015-06-30;2015-07-03;2015-07-07;2015-07-14;2015-07-21,2015-07-03;2015-07-07;2015-07-14;2015-07-21,2015-08-19
6100057929,1,2014-06-24,2014-07-14,2015-08-19
5733285355,4,2015-06-15;2015-06-26;2015-07-16;2015-07-27,2015-06-22;2015-07-03;2015-07-27;2015-08-17,2015-08-19
9900698075,2,2015-07-10;2015-07-31,2015-07-26,2015-08-19
9036331394,2,2015-05-03;2015-07-13,2015-06-25;2015-07-31,2015-08-19
1767540225,1,2015-06-04,2015-06-25,2015-08-19
6034981056,4,2015-04-26;2015-04-30;2015-05-06;2015-07-25,2015-04-28;2015-05-06;2015-07-25,2015-08-19
1212953829,5,2015-02-18;2015-03-04;2015-03-23;2015-04-08;2015-05-23,2015-03-04;2015-03-22;2015-04-07;2015-04-30,2015-08-19
1661102022,1,2014-06-16,,2015-08-19
4194649044,1,2015-05-27,2015-06-19,2015-08-19
9955035119,7,2015-02-19;2015-03-11;2015-04-12;2015-05-07;2015-06-10;2015-07-13;2015-08-05,2015-02-26;2015-03-28;2015-05-05;2015-06-09;2015-07-13;2015-08-05,2015-08-19
3206224066,1,2014-07-30,,2015-08-19
2847751420,1,2015-07-27,,2015-08-19
8529623453,3,2015-06-20;2015-07-13;2015-08-04,2015-07-11;2015-08-03,2015-08-19
2916310278,3,2015-07-12;2015-07-23;2015-08-13,2015-07-23;2015-08-13,2015-08-19
5875230942,1,2014-06-09,,2015-08-19
7526973171,4,2015-04-12;2015-04-27;2015-05-02;2015-05-06,2015-04-27;2015-05-02;2015-05-06,2015-08-19
4252440796,1,2015-07-19,2015-08-10,2015-08-19
2636722159,4,2015-06-15;2015-06-30;2015-07-20;2015-08-09,2015-06-29;2015-07-20;2015-08-09,2015-08-19
8806418646,1,2014-08-08,,2015-08-19
2614224686,1,2015-07-26,,2015-08-19
5346231779,2,2014-05-08;2014-05-22,2014-05-21,2015-08-19
1766763696,2,2015-02-26;2015-07-20,2015-02-28;2015-07-29,2015-08-19
1064638493,3,2015-04-19;2015-05-13;2015-06-12,2015-05-13;2015-06-12;2015-07-15,2015-08-19
5560444736,1,2015-06-26,,2015-08-19
1447788669,7,2015-04-25;2015-05-08;2015-05-22;2015-06-11;2015-07-01;2015-07-20;2015-08-10,2015-05-08;2015-05-22;2015-06-10;2015-07-01;2015-07-20;2015-08-10,2015-08-19
5530713621,1,2015-07-09,2015-07-28,2015-08-19
5517270647,1,2014-12-17,,2015-08-19
1513646713,3,2015-05-17;2015-05-29;2015-06-05,2015-05-25;2015-06-05;2015-08-19,2015-08-19
5123229643,5,2015-05-08;2015-05-24;2015-06-21;2015-07-07;2015-07-29,2015-05-24;2015-06-13;2015-07-07;2015-07-29,2015-08-19
6572992960,7,2015-04-21;2015-04-26;2015-05-13;2015-05-30;2015-06-20;2015-07-09;2015-08-08,2015-04-26;2015-05-13;2015-05-30;2015-06-20;2015-07-09;2015-08-06,2015-08-19
9865454850,4,2015-05-23;2015-06-08;2015-07-17;2015-08-18,2015-06-07;2015-06-28;2015-08-07,2015-08-19
7961003085,1,2015-06-23,2015-06-27,2015-08-19
1287191810,7,2015-03-27;2015-04-07;2015-04-21;2015-05-05;2015-05-22;2015-06-11;2015-06-30,2015-04-07;2015-04-21;2015-05-05;2015-05-22;2015-06-11;2015-06-30,2015-08-19
5241853297,1,2015-03-06,,2015-08-19
2327560619,3,2015-01-17;2015-02-10;2015-02-23,2015-02-03;2015-02-23,2015-08-19
9003357851,4,2015-05-30;2015-06-06;2015-07-01;2015-07-28,2015-06-06;2015-06-27;2015-07-28,2015-08-19
4540783923,2,2015-07-23;2015-08-16,2015-08-14,2015-08-19
2746795632,6,2015-06-10;2015-06-22;2015-07-11;2015-07-14;2015-08-05;2015-08-17,2015-06-21;2015-07-09;2015-07-13;2015-08-04;2015-08-16,2015-08-19
2750363292,2,2015-06-04;2015-07-03,2015-06-28;2015-07-30,2015-08-19
8686243541,2,2015-05-24;2015-07-10,2015-06-14;2015-08-10,2015-08-19
6240263090,4,2015-06-27;2015-07-08;2015-07-28;2015-08-11,2015-07-08;2015-07-28;2015-08-11,2015-08-19
6581882246,3,2015-03-25;2015-04-01;2015-04-10,2015-03-31;2015-04-10,2015-08-19
2916523599,2,2014-09-05;2014-10-09,2014-09-30,2015-08-19
5923715507,3,2015-02-07;2015-08-09;2015-08-18,2015-08-18,2015-08-19
9656418246,6,2015-04-25;2015-05-18;2015-06-10;2015-06-15;2015-07-10;2015-07-24,2015-05-08;2015-06-10;2015-06-15;2015-07-10;2015-07-24;2015-08-19,2015-08-19
2876398156,1,2014-11-06,,2015-08-19
8092607634,14,2014-10-14;2014-11-10;2015-01-03;2015-01-25;2015-01-30;2015-02-24;2015-03-11;2015-03-31;2015-04-23;2015-05-09;2015-05-30;2015-06-22;2015-07-04;2015-07-16,2014-10-25;2014-12-01;2015-01-24;2015-01-29;2015-02-23;2015-03-11;2015-03-26;2015-04-22;2015-05-07;2015-05-24;2015-06-22;2015-07-01;2015-07-16;2015-08-08,2015-08-19
8540946794,10,2015-03-20;2015-04-09;2015-05-01;2015-05-19;2015-06-08;2015-06-21;2015-07-03;2015-07-11;2015-07-28;2015-08-09,2015-04-08;2015-05-01;2015-05-19;2015-06-08;2015-06-21;2015-07-03;2015-07-11;2015-07-28;2015-08-09,2015-08-19
6297081953,1,2014-08-11,,2015-08-19
6386601342,5,2015-06-01;2015-07-02;2015-07-17;2015-07-26;2015-08-06,2015-06-17;2015-07-17;2015-07-25;2015-08-05,2015-08-19
6666930711,3,2015-05-21;2015-06-23;2015-08-07,2015-06-11;2015-07-30,2015-08-19
8740760572,6,2015-05-19;2015-05-27;2015-06-05;2015-06-19;2015-07-10;2015-07-31,2015-05-27;2015-06-03;2015-06-17;2015-07-10;2015-07-31,2015-08-19
1090396622,1,2014-08-21,,2015-08-19
9478427902,5,2015-06-12;2015-06-26;2015-06-27;2015-07-03;2015-07-13,2015-06-25;2015-06-27;2015-07-03;2015-07-13,2015-08-19
7038032168,4,2015-06-13;2015-06-29;2015-07-14;2015-08-05,2015-06-29;2015-07-13;2015-08-04,2015-08-19
5167938983,7,2015-05-07;2015-05-11;2015-05-31;2015-06-15;2015-07-08;2015-07-22;2015-08-06,2015-05-11;2015-05-28;2015-06-15;2015-07-02;2015-07-22;2015-08-06,2015-08-19
7372142755,13,2015-03-29;2015-04-03;2015-04-08;2015-04-12;2015-04-25;2015-05-17;2015-06-02;2015-06-17;2015-07-01;2015-07-14;2015-07-24;2015-08-01;2015-08-15,2015-04-02;2015-04-08;2015-04-11;2015-04-25;2015-05-14;2015-06-01;2015-06-17;2015-07-01;2015-07-14;2015-08-01;2015-08-15,2015-08-19
2795350446,2,2015-02-05;2015-02-25,2015-02-25,2015-08-19
4390479181,5,2015-07-15;2015-07-28;2015-08-04;2015-08-12;2015-08-14,2015-07-28;2015-08-04;2015-08-11;2015-08-14,2015-08-19
8379961584,5,2015-06-21;2015-06-29;2015-07-07;2015-07-21;2015-08-13,2015-06-29;2015-07-07;2015-07-21;2015-08-13,2015-08-19
1180207250,1,2014-11-11,,2015-08-19
4650748452,4,2015-07-16;2015-07-28;2015-08-07;2015-08-19,2015-07-28;2015-08-07;2015-08-19,2015-08-19
1963789232,1,2015-04-27,,2015-08-19
9666559145,2,2015-05-22;2015-06-13,2015-06-12,2015-08-19
2901782279,6,2015-05-02;2015-06-04;2015-06-29;2015-07-10;2015-07-22;2015-08-05,2015-05-23;2015-06-25;2015-07-10;2015-07-22;2015-08-05,2015-08-19
3200903086,1,2015-04-30,,2015-08-19
1177471131,1,2014-08-19,,2015-08-19
6766803957,3,2015-06-29;2015-08-03;2015-08-10,2015-08-02;2015-08-09,2015-08-19
7691808756,1,2015-02-17,,2015-08-19
5255086303,10,2014-10-22;2014-11-07;2014-11-09;2014-12-05;2014-12-20;2015-01-10;2015-01-30;2015-03-10;2015-03-30;2015-04-30,2014-11-05;2014-11-09;2014-11-27;2014-12-19;2015-01-10;2015-01-30;2015-02-23;2015-03-30;2015-04-29,2015-08-19
3290581266,1,2015-03-07,2015-03-31,2015-08-19
3939663286,16,2014-09-25;2014-10-16;2014-11-08;2014-12-03;2014-12-30;2015-01-27;2015-03-02;2015-04-12;2015-05-01;2015-05-18;2015-05-28;2015-06-13;2015-06-17;2015-07-06;2015-07-20;2015-08-01,2014-10-15;2014-11-07;2014-12-01;2014-12-25;2015-01-26;2015-02-20;2015-03-18;2015-04-27;2015-05-13;2015-05-26;2015-06-13;2015-06-17;2015-07-05;2015-07-20;2015-07-30,2015-08-19
5248964653,1,2014-11-07,,2015-08-19
4431726673,1,2015-05-28,,2015-08-19
8425972319,1,2014-08-15,,2015-08-19
5521864872,1,2014-07-15,,2015-08-19
7769459042,2,2015-03-26;2015-04-16,2015-04-13,2015-08-19
7803964963,8,2015-04-09;2015-04-16;2015-05-01;2015-05-21;2015-06-02;2015-06-17;2015-07-03;2015-08-11,2015-04-16;2015-05-01;2015-05-18;2015-06-02;2015-06-17;2015-07-03;2015-08-11,2015-08-19
4702513294,1,2015-07-28,,2015-08-19
1802377828,3,2015-06-18;2015-06-30;2015-07-13,2015-06-30;2015-07-13,2015-08-19
7336051313,2,2015-05-06;2015-05-12,2015-05-12,2015-08-19
9661362272,7,2015-04-09;2015-04-17;2015-05-03;2015-05-22;2015-06-09;2015-07-12;2015-07-25,2015-04-17;2015-05-03;2015-05-22;2015-06-09;2015-06-30;2015-07-25;2015-08-17,2015-08-19
8615494905,2,2015-07-17;2015-08-19,2015-08-19,2015-08-19
3390119816,4,2015-07-16;2015-07-21;2015-07-28;2015-08-09,2015-07-21;2015-07-28;2015-08-09,2015-08-19
2246622383,2,2015-07-07;2015-08-04,2015-07-29,2015-08-19
6448249622,3,2015-05-29;2015-06-26;2015-07-07,2015-06-26;2015-07-07,2015-08-19
4908096316,4,2015-05-13;2015-06-05;2015-06-30;2015-07-27,2015-06-05;2015-06-29;2015-07-24,2015-08-19
1654887836,1,2015-02-03,,2015-08-19
8194919845,4,2015-07-04;2015-07-21;2015-07-27;2015-08-10,2015-07-21;2015-07-27;2015-08-10,2015-08-19
3431150888,8,2015-05-01;2015-05-15;2015-05-22;2015-06-04;2015-06-13;2015-06-23;2015-07-18;2015-08-06,2015-05-15;2015-05-22;2015-06-04;2015-06-13;2015-06-23;2015-07-18;2015-08-05,2015-08-19
3930083269,3,2014-05-19;2014-06-05;2014-06-30,2014-05-27;2014-06-27,2015-08-19
7537202594,1,2014-08-29,,2015-08-19
6348357419,2,2015-07-03;2015-07-23,2015-07-22,2015-08-19
9164049071,2,2015-06-02;2015-06-10,2015-06-10,2015-08-19
8685630915,1,2014-06-25,,2015-08-19
2121469740,2,2015-07-27;2015-08-11,2015-08-11,2015-08-19
9649964299,2,2015-04-09;2015-05-04,2015-04-27,2015-08-19
4226607694,9,2015-04-01;2015-04-15;2015-05-05;2015-05-20;2015-06-03;2015-06-22;2015-07-09;2015-07-24;2015-08-08,2015-04-15;2015-05-05;2015-05-20;2015-06-03;2015-06-22;2015-07-09;2015-07-24;2015-08-08,2015-08-19
7062861325,5,2015-03-06;2015-03-28;2015-04-13;2015-05-05;2015-05-27,2015-03-26;2015-04-13;2015-05-04;2015-05-25,2015-08-19
2528750026,6,2014-05-24;2014-06-12;2014-07-08;2014-07-25;2014-09-20;2014-11-26,2014-06-04;2014-07-05;2014-07-25;2014-09-19;2014-11-25,2015-08-19
5433168922,2,2015-03-03;2015-03-23,2015-03-23,2015-08-19
9360194810,3,2015-07-14;2015-07-21;2015-08-04,2015-07-21;2015-08-04,2015-08-19
3997325567,1,2015-07-15,2015-07-31,2015-08-19
6891187473,1,2014-05-13,,2015-08-19
2583567580,2,2015-07-19;2015-08-03,2015-07-28,2015-08-19
9504924784,1,2014-07-21,,2015-08-19
2972009047,2,2015-07-22;2015-08-16,2015-08-16,2015-08-19
4609303188,8,2015-05-23;2015-05-27;2015-05-28;2015-06-01;2015-06-08;2015-06-22;2015-07-11;2015-08-01,2015-05-27;2015-05-28;2015-06-01;2015-06-07;2015-06-22;2015-07-11;2015-08-01,2015-08-19
9611014004,1,2014-11-21,,2015-08-19
7359680125,10,2015-03-06;2015-03-27;2015-04-11;2015-05-01;2015-05-16;2015-06-01;2015-06-12;2015-07-02;2015-07-23;2015-08-15,2015-03-27;2015-04-10;2015-04-28;2015-05-15;2015-06-01;2015-06-12;2015-07-01;2015-07-23;2015-08-12,2015-08-19
1931231157,4,2015-07-17;2015-07-24;2015-07-24;2015-07-29,2015-07-23;2015-07-24;2015-07-29,2015-08-19
2668523412,1,2014-07-06,,2015-08-19
7503162837,4,2015-07-16;2015-07-19;2015-07-29;2015-08-19,2015-07-19;2015-07-29;2015-08-19,2015-08-19
6604669502,4,2015-06-08;2015-06-24;2015-06-29;2015-07-15,2015-06-24;2015-06-29;2015-07-14,2015-08-19
6307005446,3,2015-07-23;2015-07-31;2015-08-12,2015-07-30;2015-08-06;2015-08-18,2015-08-19
9046729670,1,2014-08-27,,2015-08-19
3422259391,3,2014-05-16;2014-06-07;2014-07-03,2014-06-06;2014-07-01,2015-08-19
6587788348,3,2015-06-21;2015-07-10;2015-08-01,2015-07-10;2015-08-01,2015-08-19
1612135424,3,2014-07-24;2015-03-11;2015-08-06,2014-11-09;2015-08-05,2015-08-19
6848523196,1,2015-07-23,,2015-08-19
4421592908,2,2015-06-25;2015-07-28,2015-07-16,2015-08-19
6674177866,2,2015-06-17;2015-07-08,2015-06-24;2015-07-28,2015-08-19
7959578837,4,2015-06-02;2015-06-26;2015-06-29;2015-07-20,2015-06-26;2015-06-29;2015-07-20,2015-08-19
5849887456,1,2015-05-04,,2015-08-19
2552675755,19,2014-09-26;2014-10-15;2014-11-04;2014-11-19;2014-12-09;2014-12-23;2015-01-09;2015-01-24;2015-02-16;2015-02-25;2015-03-04;2015-03-20;2015-04-07;2015-04-18;2015-05-06;2015-05-15;2015-06-05;2015-06-27;2015-07-19,2014-10-15;2014-11-04;2014-11-19;2014-12-04;2014-12-23;2015-01-09;2015-01-24;2015-02-15;2015-02-25;2015-03-04;2015-03-20;2015-04-04;2015-04-18;2015-05-06;2015-05-15;2015-06-05;2015-06-27;2015-07-19,2015-08-19
8128789355,1,2014-07-19,,2015-08-19
7899551322,1,2015-06-20,,2015-08-19
4552401360,1,2014-06-11,,2015-08-19
6288962292,3,2015-05-04;2015-05-20;2015-06-25,2015-05-19;2015-06-12,2015-08-19
7970308274,5,2015-05-22;2015-06-05;2015-06-21;2015-07-12;2015-08-02,2015-06-05;2015-06-21;2015-07-12;2015-08-02,2015-08-19
5618080444,11,2015-04-24;2015-05-06;2015-05-14;2015-05-23;2015-05-31;2015-06-17;2015-06-24;2015-07-01;2015-07-09;2015-07-16;2015-08-01,2015-05-06;2015-05-14;2015-05-23;2015-05-31;2015-06-17;2015-06-24;2015-07-01;2015-07-09;2015-07-16;2015-08-01,2015-08-19
1838953053,2,2015-07-05;2015-07-29,2015-07-24,2015-08-19
9401390636,1,2014-07-22,,2015-08-19
8041467929,1,2014-11-03,,2015-08-19
3583731581,1,2015-02-27,2015-03-19,2015-08-19
7748166377,2,2015-07-17;2015-08-08,2015-08-08,2015-08-19
2461249534,1,2015-04-17,2015-05-12,2015-08-19
3110924673,1,2014-09-23,,2015-08-19
3107893674,6,2015-05-29;2015-06-08;2015-06-22;2015-07-01;2015-07-04;2015-07-24,2015-06-08;2015-06-22;2015-07-01;2015-07-04;2015-07-24,2015-08-19
5736208977,4,2015-03-28;2015-03-31;2015-04-07;2015-04-30,2015-03-31;2015-04-03;2015-04-28,2015-08-19
7762100560,2,2015-07-23;2015-08-04,2015-08-04,2015-08-19
4991604311,2,2015-06-25;2015-07-12,2015-07-12,2015-08-19
5833760454,5,2015-04-22;2015-05-16;2015-06-05;2015-07-03;2015-07-31,2015-05-13;2015-06-04;2015-06-26;2015-07-23,2015-08-19
8720349802,2,2015-03-28;2015-04-09,2015-04-04,2015-08-19
5418329969,3,2015-07-03;2015-07-11;2015-07-16,2015-07-11;2015-07-16,2015-08-19
5514618037,1,2015-06-08,2015-06-16,2015-08-19
3955785772,4,2015-05-27;2015-06-11;2015-06-30;2015-07-29,2015-06-10;2015-06-30;2015-07-22;2015-08-12,2015-08-19
8115915015,1,2015-07-24,2015-08-18,2015-08-19
4166295326,2,2015-07-21;2015-08-08,2015-07-29,2015-08-19
8948179644,1,2015-07-19,2015-08-05,2015-08-19
8838001754,1,2015-07-26,,2015-08-19
5482790346,1,2014-07-20,,2015-08-19
7134462308,1,2015-05-24,,2015-08-19
1047997155,10,2015-03-12;2015-03-25;2015-04-03;2015-04-10;2015-04-18;2015-05-11;2015-05-29;2015-06-21;2015-07-15;2015-08-15,2015-03-25;2015-04-03;2015-04-10;2015-04-18;2015-05-11;2015-05-28;2015-06-21;2015-07-15;2015-08-15,2015-08-19
3381094541,3,2015-06-29;2015-07-23;2015-08-15,2015-07-09;2015-08-13,2015-08-19
7258291810,2,2015-06-28;2015-07-05,2015-07-05;2015-07-17,2015-08-19
4572113844,2,2015-07-14;2015-08-03,2015-08-02,2015-08-19
6819782604,4,2015-06-14;2015-07-10;2015-08-01;2015-08-18,2015-07-08;2015-08-01;2015-08-18,2015-08-19
7054628663,1,2015-05-12,2015-06-02,2015-08-19
3419190754,2,2015-06-06;2015-06-29,2015-06-26,2015-08-19
5494244789,3,2015-07-14;2015-07-31;2015-08-17,2015-07-31;2015-08-17,2015-08-19
5134405695,1,2015-07-23,2015-07-27,2015-08-19
7225933812,1,2015-03-31,,2015-08-19
3335172180,3,2015-04-09;2015-05-24;2015-06-29,2015-05-23;2015-06-29,2015-08-19
8341793330,5,2015-07-15;2015-07-26;2015-07-28;2015-08-04;2015-08-11,2015-07-25;2015-07-28;2015-08-03;2015-08-11,2015-08-19
8232732829,1,2015-07-21,2015-08-18,2015-08-19
3523225738,2,2015-01-13;2015-02-05,2015-02-03,2015-08-19
7850063072,3,2015-06-06;2015-07-08;2015-08-04,2015-06-26;2015-07-29,2015-08-19
5896978842,4,2015-03-11;2015-03-31;2015-04-21;2015-05-12,2015-03-31;2015-04-21;2015-05-12,2015-08-19
3601132624,2,2015-06-11;2015-07-01,2015-06-30,2015-08-19
3833162176,3,2015-04-09;2015-04-14;2015-04-15,2015-04-14;2015-04-15,2015-08-19
4785949170,2,2015-07-27;2015-08-18,2015-08-17,2015-08-19
8603630266,4,2015-07-05;2015-07-10;2015-07-25;2015-08-10,2015-07-10;2015-07-24;2015-08-10,2015-08-19
1084690398,8,2015-02-12;2015-02-21;2015-02-28;2015-03-09;2015-03-30;2015-04-23;2015-04-25;2015-08-11,2015-02-20;2015-02-28;2015-03-09;2015-03-30;2015-04-22;2015-04-25;2015-08-10,2015-08-19
6718085882,1,2015-03-05,,2015-08-19
2182911230,1,2015-06-29,,2015-08-19
5610431323,2,2015-07-18;2015-08-17,2015-08-08,2015-08-19
3075741637,4,2015-02-25;2015-06-22;2015-07-15;2015-08-13,2015-03-13;2015-06-28;2015-08-04,2015-08-19
8258117248,4,2015-04-24;2015-04-28;2015-05-30;2015-07-21,2015-04-28;2015-05-30;2015-07-21,2015-08-19
7272279612,1,2015-06-30,,2015-08-19
4645275853,3,2015-04-01;2015-04-10;2015-05-12,2015-04-10;2015-05-01,2015-08-19
4883971352,4,2015-05-11;2015-05-22;2015-05-30;2015-07-01,2015-05-22;2015-05-30;2015-06-20,2015-08-19
5284029609,2,2015-07-24;2015-08-16,2015-08-06,2015-08-19
4489754615,3,2015-03-25;2015-04-10;2015-04-10,2015-04-10;2015-04-10,2015-08-19
9945630480,2,2015-07-22;2015-08-03,2015-08-01,2015-08-19
7962463991,4,2015-05-18;2015-06-08;2015-06-30;2015-08-04,2015-06-01;2015-06-29;2015-08-01,2015-08-19
9123965963,5,2015-04-27;2015-05-20;2015-06-05;2015-06-07;2015-07-06,2015-05-19;2015-06-05;2015-06-07;2015-07-06,2015-08-19
3342477379,19,2014-05-07;2014-05-28;2014-06-21;2014-07-14;2014-08-05;2014-09-08;2014-10-03;2014-10-25;2014-11-18;2014-12-11;2015-01-06;2015-02-02;2015-03-01;2015-03-25;2015-04-11;2015-05-03;2015-06-17;2015-07-14;2015-08-06,2014-05-28;2014-06-19;2014-07-12;2014-08-05;2014-08-27;2014-09-29;2014-10-24;2014-11-17;2014-12-10;2014-12-20;2015-01-29;2015-02-24;2015-03-25;2015-04-11;2015-05-03;2015-06-17;2015-07-14;2015-08-06,2015-08-19
3804528307,1,2015-07-24,,2015-08-19
7717500506,1,2014-08-01,,2015-08-19
8145138919,2,2015-07-14;2015-08-11,2015-08-07,2015-08-19
2136127632,2,2015-05-28;2015-07-13,2015-06-26,2015-08-19
8699204874,4,2015-06-22;2015-06-30;2015-07-15;2015-08-02,2015-06-29;2015-07-15;2015-07-28;2015-08-18,2015-08-19
9289420258,1,2015-07-23,2015-08-11,2015-08-19
9767557484,6,2015-04-21;2015-05-10;2015-06-03;2015-06-26;2015-07-16;2015-08-05,2015-05-05;2015-06-02;2015-06-17;2015-07-15;2015-08-04,2015-08-19
5507647821,1,2015-07-28,,2015-08-19
3884829185,3,2014-05-15;2014-07-07;2014-08-13,2014-06-30;2014-08-13,2015-08-19
2954902920,1,2015-05-25,,2015-08-19
2010370470,2,2015-05-21;2015-06-05,2015-06-04,2015-08-19
1884909893,3,2015-04-22;2015-05-22;2015-08-01,2015-05-04;2015-06-08,2015-08-19
5281600996,5,2015-05-01;2015-05-08;2015-05-23;2015-06-08;2015-06-26,2015-05-07;2015-05-23;2015-06-08;2015-06-26,2015-08-19
8291626998,1,2015-02-06,,2015-08-19
7483594912,3,2015-06-11;2015-06-25;2015-07-11,2015-06-25;2015-07-11,2015-08-19
4733088866,2,2015-07-11;2015-07-30,2015-07-30,2015-08-19
7444746096,5,2014-07-02;2014-07-27;2014-10-12;2014-11-01;2014-11-22,2014-07-23;2014-08-17;2014-11-01;2014-11-21,2015-08-19
6896652654,2,2015-07-24;2015-08-17,2015-08-06,2015-08-19
7547786426,1,2015-07-28,,2015-08-19
3188570699,4,2015-04-14;2015-04-26;2015-05-18;2015-05-27,2015-04-24;2015-05-15;2015-05-23,2015-08-19
2764011037,1,2015-03-23,,2015-08-19
2606114764,4,2015-06-10;2015-06-23;2015-07-14;2015-08-16,2015-06-15;2015-07-13;2015-08-04,2015-08-19
2683538279,14,2014-07-01;2014-08-29;2015-02-01;2015-02-20;2015-04-25;2015-05-17;2015-05-29;2015-06-18;2015-06-24;2015-07-08;2015-07-16;2015-07-24;2015-07-31;2015-08-14,2014-07-14;2014-09-17;2015-02-19;2015-03-12;2015-05-16;2015-05-29;2015-06-12;2015-06-24;2015-07-08;2015-07-16;2015-07-31;2015-08-14,2015-08-19
6406939440,1,2015-05-11,,2015-08-19
7445827446,9,2015-05-25;2015-05-27;2015-06-05;2015-06-12;2015-06-19;2015-07-05;2015-07-12;2015-07-25;2015-08-08,2015-05-27;2015-06-05;2015-06-12;2015-06-19;2015-07-05;2015-07-12;2015-07-25;2015-08-08,2015-08-19
7839108662,1,2015-02-07,,2015-08-19
4943128258,1,2014-08-18,,2015-08-19
1557417067,7,2015-06-17;2015-06-21;2015-06-25;2015-07-09;2015-07-14;2015-07-28;2015-08-11,2015-06-21;2015-06-25;2015-07-09;2015-07-28;2015-08-11,2015-08-19
3567588210,3,2015-03-12;2015-04-03;2015-06-13,2015-04-02;2015-06-10,2015-08-19
9854161442,1,2014-09-26,,2015-08-19
9981142125,2,2015-07-21;2015-08-11,2015-08-11,2015-08-19
9263351105,8,2015-03-29;2015-04-16;2015-04-24;2015-05-02;2015-05-22;2015-07-12;2015-08-01;2015-08-18,2015-04-15;2015-04-24;2015-05-02;2015-05-21;2015-07-09;2015-07-31;2015-08-18,2015-08-19
7650974066,12,2015-03-04;2015-03-23;2015-04-16;2015-04-24;2015-05-07;2015-05-21;2015-06-04;2015-06-18;2015-06-25;2015-07-09;2015-08-02;2015-08-05,2015-03-23;2015-04-13;2015-04-23;2015-05-07;2015-05-21;2015-06-04;2015-06-18;2015-06-25;2015-07-09;2015-08-01;2015-08-05,2015-08-19
4058888009,4,2015-03-31;2015-04-14;2015-04-28;2015-05-19,2015-04-14;2015-04-27;2015-05-19,2015-08-19
8948452846,5,2015-01-06;2015-02-20;2015-04-16;2015-06-25;2015-07-02,2015-01-31;2015-04-01;2015-05-29;2015-07-02,2015-08-19
2751143085,4,2015-05-04;2015-05-09;2015-05-09;2015-05-10,2015-05-09;2015-05-09;2015-05-10,2015-08-19
8210865312,2,2015-07-06;2015-07-31,2015-07-25,2015-08-19
4901712280,1,2015-03-19,,2015-08-19
5345006498,2,2015-02-17;2015-02-27,2015-02-27,2015-08-19
3394363896,1,2015-02-19,,2015-08-19
7093035860,4,2014-10-08;2014-10-18;2014-10-26;2014-11-06,2014-10-18;2014-10-25;2014-11-06,2015-08-19
3480756825,1,2014-11-18,,2015-08-19
6356967879,3,2015-06-06;2015-07-04;2015-07-26,2015-06-25;2015-07-04,2015-08-19
3679328472,7,2015-02-26;2015-03-18;2015-04-07;2015-05-09;2015-05-16;2015-05-25;2015-06-13,2015-03-17;2015-04-04;2015-04-17;2015-05-15;2015-05-25;2015-06-12,2015-08-19
9047422306,1,2014-10-24,,2015-08-19
7083488094,4,2015-04-28;2015-05-10;2015-05-23;2015-06-13,2015-05-10;2015-05-23;2015-06-13,2015-08-19
5410424023,4,2015-02-28;2015-03-22;2015-04-20;2015-08-09,2015-03-06;2015-04-10;2015-07-01,2015-08-19
3519636844,2,2015-07-27;2015-08-15,2015-08-03,2015-08-19
4902519125,1,2015-04-02,2015-05-02,2015-08-19
4869342318,2,2015-07-22;2015-08-12,2015-08-12,2015-08-19
2894538443,3,2015-07-01;2015-07-23;2015-08-02,2015-07-22;2015-08-02,2015-08-19
7044315204,2,2015-05-11;2015-07-04,2015-06-01;2015-07-18,2015-08-19
1289196041,11,2015-02-08;2015-02-27;2015-03-13;2015-04-01;2015-04-24;2015-05-15;2015-06-05;2015-06-27;2015-07-13;2015-08-03;2015-08-13,2015-02-27;2015-03-13;2015-04-01;2015-04-22;2015-05-15;2015-06-05;2015-06-27;2015-07-13;2015-08-02;2015-08-11,2015-08-19
4899445636,8,2015-03-28;2015-04-17;2015-04-23;2015-05-07;2015-05-08;2015-05-29;2015-06-19;2015-06-25,2015-04-17;2015-04-23;2015-05-07;2015-05-08;2015-05-29;2015-06-19;2015-06-25,2015-08-19
3933368676,1,2015-03-01,,2015-08-19
7349042414,5,2015-04-25;2015-05-14;2015-05-23;2015-06-13;2015-07-15,2015-05-14;2015-05-23;2015-06-13;2015-07-14,2015-08-19
3449899345,3,2015-05-16;2015-06-30;2015-07-24,2015-06-30;2015-07-22,2015-08-19
6219345623,1,2014-07-07,,2015-08-19
8361684012,2,2015-06-22;2015-07-27,2015-07-16,2015-08-19
9725100582,2,2014-08-11;2014-09-06,2014-09-01,2015-08-19
3278293306,1,2014-12-05,,2015-08-19
2451912502,1,2015-06-17,,2015-08-19
4167056538,1,2014-10-21,,2015-08-19
5571509882,2,2015-06-27;2015-08-15,2015-07-15,2015-08-19
2191396226,4,2015-03-27;2015-04-14;2015-05-03;2015-05-23,2015-04-11;2015-04-29;2015-05-22,2015-08-19
2037137184,2,2015-04-13;2015-07-05,2015-07-05,2015-08-19
2535886983,2,2015-07-16;2015-07-27,2015-07-25,2015-08-19
5825472282,1,2014-08-18,,2015-08-19
8201813416,1,2015-07-14,2015-07-21,2015-08-19
1704712487,9,2015-02-10;2015-02-24;2015-03-13;2015-03-25;2015-04-16;2015-05-01;2015-05-31;2015-06-20;2015-07-29,2015-02-24;2015-03-13;2015-03-25;2015-04-11;2015-04-28;2015-05-27;2015-06-20;2015-07-29,2015-08-19
1716829174,1,2015-02-26,,2015-08-19
8165102081,1,2014-10-13,,2015-08-19
9927346812,3,2015-04-23;2015-07-13;2015-07-30,2015-05-14;2015-07-30;2015-08-17,2015-08-19
6181698436,3,2015-05-19;2015-05-25;2015-06-12,2015-05-25;2015-06-12,2015-08-19
3584380224,3,2014-09-09;2014-10-24;2014-11-26,2014-10-07;2014-11-15,2015-08-19
4212164517,3,2015-07-13;2015-07-29;2015-08-10,2015-07-29;2015-08-08,2015-08-19
3337427873,2,2015-07-10;2015-07-29,2015-07-28,2015-08-19
5348003279,4,2015-06-05;2015-07-05;2015-07-28;2015-08-15,2015-06-26;2015-07-27;2015-08-14,2015-08-19
5936413151,12,2015-03-26;2015-04-09;2015-04-24;2015-05-06;2015-05-20;2015-05-29;2015-06-08;2015-06-15;2015-06-23;2015-07-02;2015-07-16;2015-07-25,2015-04-09;2015-04-23;2015-05-06;2015-05-20;2015-05-28;2015-06-08;2015-06-15;2015-06-23;2015-07-02;2015-07-16;2015-07-25,2015-08-19
3460588992,3,2015-05-03;2015-05-04;2015-05-10,2015-05-04;2015-05-10,2015-08-19
1512836830,6,2014-07-22;2014-08-11;2014-08-19;2014-09-10;2014-10-01;2014-10-31,2014-08-02;2014-08-19;2014-09-02;2014-09-30;2014-10-31,2015-08-19
6060950564,7,2015-02-26;2015-03-19;2015-04-10;2015-05-04;2015-06-06;2015-07-04;2015-08-17,2015-03-19;2015-04-09;2015-04-30;2015-05-27;2015-06-27;2015-07-30,2015-08-19
4447877474,1,2015-07-21,2015-08-14,2015-08-19
3449728273,5,2015-06-01;2015-06-23;2015-07-13;2015-07-27;2015-08-15,2015-06-22;2015-07-13;2015-07-27;2015-08-15,2015-08-19
6124720801,7,2015-03-29;2015-04-10;2015-05-15;2015-05-31;2015-07-07;2015-07-26;2015-08-13,2015-04-09;2015-04-28;2015-05-31;2015-06-20;2015-07-24;2015-08-13,2015-08-19
1309607936,1,2015-03-28,,2015-08-19
5406406018,1,2015-06-06,2015-08-01,2015-08-19
2609792976,1,2015-01-15,,2015-08-19
8397994357,1,2014-07-08,,2015-08-19
8210123264,3,2015-07-24;2015-08-04;2015-08-16,2015-08-04;2015-08-15,2015-08-19
1672596057,1,2014-09-25,,2015-08-19
1424189176,2,2015-05-04;2015-06-18,2015-05-27;2015-07-17,2015-08-19
3603689368,11,2015-03-03;2015-03-14;2015-04-01;2015-04-21;2015-05-06;2015-05-26;2015-06-15;2015-06-29;2015-07-14;2015-07-28;2015-08-11,2015-03-14;2015-04-01;2015-04-20;2015-05-06;2015-05-26;2015-06-15;2015-06-29;2015-07-14;2015-07-28;2015-08-10,2015-08-19
2235447216,2,2015-07-23;2015-08-07,2015-08-07,2015-08-19
4437592008,4,2015-05-18;2015-06-03;2015-07-02;2015-07-14,2015-05-29;2015-07-01;2015-07-14,2015-08-19
6897561002,1,2014-08-21,,2015-08-19
5095473176,7,2015-06-05;2015-06-26;2015-07-24;2015-07-30;2015-08-03;2015-08-08;2015-08-14,2015-06-12;2015-07-15;2015-07-27;2015-08-08;2015-08-13,2015-08-19
7812481370,1,2015-07-14,2015-08-17,2015-08-19
1757809206,1,2015-07-23,,2015-08-19
7210723238,4,2015-06-10;2015-06-30;2015-07-22;2015-08-02,2015-06-22;2015-07-22;2015-08-02,2015-08-19
3814425270,1,2015-07-22,,2015-08-19
7955562566,5,2015-04-12;2015-05-09;2015-06-08;2015-07-22;2015-08-15,2015-05-03;2015-05-30;2015-06-23;2015-08-12,2015-08-19
8082067022,2,2014-10-13;2014-10-15,2014-10-14,2015-08-19
3521134186,4,2015-03-27;2015-04-03;2015-04-08;2015-04-22,2015-04-03;2015-04-06;2015-04-22,2015-08-19
9504846186,1,2014-08-18,,2015-08-19
1307595846,1,2015-07-17,,2015-08-19
7459525133,5,2015-04-09;2015-05-11;2015-06-17;2015-07-08;2015-08-08,2015-04-27;2015-06-02;2015-07-08;2015-07-28,2015-08-19
6295166250,1,2014-08-06,,2015-08-19
3149006688,10,2015-02-18;2015-02-26;2015-03-13;2015-03-21;2015-04-08;2015-04-16;2015-05-01;2015-05-18;2015-06-08;2015-06-26,2015-02-25;2015-03-12;2015-03-20;2015-04-06;2015-04-16;2015-04-26;2015-05-17;2015-06-08;2015-06-26;2015-07-14,2015-08-19
7989328264,3,2015-06-27;2015-07-19;2015-07-31,2015-07-19;2015-07-31,2015-08-19
1987351715,15,2015-03-04;2015-03-17;2015-03-25;2015-04-08;2015-04-16;2015-04-23;2015-05-05;2015-05-22;2015-06-06;2015-06-18;2015-06-27;2015-07-14;2015-07-23;2015-08-04;2015-08-19,2015-03-17;2015-03-25;2015-04-07;2015-04-16;2015-04-23;2015-05-05;2015-05-22;2015-06-06;2015-06-18;2015-06-27;2015-07-14;2015-07-23;2015-08-04;2015-08-19,2015-08-19
8345153046,2,2015-07-22;2015-08-11,2015-08-11,2015-08-19
6932669121,4,2015-07-15;2015-07-22;2015-07-25;2015-08-05,2015-07-22;2015-07-25;2015-08-05,2015-08-19
5631408893,1,2015-05-01,,2015-08-19
9448433849,1,2015-02-21,,2015-08-19
4264763102,7,2015-03-30;2015-04-01;2015-04-10;2015-05-18;2015-06-16;2015-07-26;2015-08-19,2015-04-01;2015-04-09;2015-05-01;2015-06-13;2015-07-15,2015-08-19
1135111501,1,2014-06-24,2014-07-26,2015-08-19
6456476162,1,2014-10-30,,2015-08-19
9921434346,4,2015-06-18;2015-07-01;2015-07-16;2015-07-31,2015-07-01;2015-07-15;2015-07-31,2015-08-19
7833101639,1,2015-07-09,,2015-08-19
8141294915,3,2014-10-10;2014-11-15;2014-12-12,2014-10-31;2014-11-30,2015-08-19
6480595561,4,2015-05-11;2015-06-08;2015-06-28;2015-07-21,2015-05-31;2015-06-27;2015-07-17;2015-08-11,2015-08-19
8394030931,9,2015-01-17;2015-02-01;2015-02-26;2015-04-10;2015-05-10;2015-05-30;2015-06-22;2015-07-10;2015-08-06,2015-01-29;2015-02-25;2015-04-09;2015-05-10;2015-05-29;2015-06-22;2015-07-10;2015-08-06,2015-08-19
1635947875,5,2015-02-28;2015-03-14;2015-03-21;2015-03-30;2015-04-14,2015-03-14;2015-03-21;2015-03-30;2015-04-12,2015-08-19
6540127756,3,2015-07-13;2015-07-23;2015-08-05,2015-07-23;2015-08-05,2015-08-19
7734209346,1,2014-06-13,,2015-08-19
9545294644,3,2014-05-19;2014-06-10;2014-07-04,2014-06-09;2014-07-04,2015-08-19
5907430016,7,2015-05-26;2015-05-31;2015-06-07;2015-06-21;2015-07-09;2015-07-28;2015-08-15,2015-05-31;2015-06-07;2015-06-21;2015-07-09;2015-07-28;2015-08-15,2015-08-19
7330824170,1,2015-07-17,,2015-08-19
4476235367,3,2015-06-10;2015-06-17;2015-06-22,2015-06-17;2015-06-22,2015-08-19
4652588050,12,2015-02-20;2015-03-13;2015-03-19;2015-04-14;2015-04-28;2015-05-17;2015-05-25;2015-06-05;2015-06-26;2015-07-13;2015-08-03;2015-08-15,2015-03-13;2015-03-19;2015-04-09;2015-04-28;2015-05-17;2015-05-25;2015-06-05;2015-06-26;2015-07-13;2015-08-03;2015-08-15,2015-08-19
8470817553,18,2014-09-01;2014-09-22;2014-10-14;2014-11-03;2014-11-17;2014-12-08;2014-12-30;2015-01-14;2015-02-01;2015-02-23;2015-03-17;2015-04-07;2015-04-30;2015-05-20;2015-06-09;2015-06-30;2015-07-13;2015-08-03,2014-09-22;2014-10-13;2014-11-03;2014-11-17;2014-12-08;2014-12-30;2015-01-13;2015-02-01;2015-02-23;2015-03-16;2015-04-06;2015-04-30;2015-05-20;2015-06-09;2015-06-30;2015-07-13;2015-08-03,2015-08-19
2105390081,1,2015-07-22,2015-08-12,2015-08-19
6825205022,2,2015-07-21;2015-08-17,2015-08-11,2015-08-19
7108459544,1,2015-04-16,2015-05-09,2015-08-19
5051613304,1,2015-06-19,,2015-08-19
3576021824,2,2015-07-22;2015-08-17,2015-08-11,2015-08-19
4646477741,2,2015-04-16;2015-05-01,2015-05-01,2015-08-19
1066585922,1,2015-07-15,,2015-08-19
5373890168,1,2015-03-24,,2015-08-19
9200350130,1,2014-11-20,,2015-08-19
9228116233,2,2015-03-26;2015-04-14,2015-04-13,2015-08-19
2278919539,1,2014-10-10,,2015-08-19
1010631054,7,2015-03-03;2015-03-27;2015-04-15;2015-05-01;2015-05-17;2015-07-09;2015-08-08,2015-03-24;2015-04-14;2015-04-30;2015-05-13;2015-05-28;2015-08-07,2015-08-19
3759423303,4,2015-06-21;2015-07-12;2015-08-02;2015-08-14,2015-07-11;2015-08-02;2015-08-14,2015-08-19
7356239267,1,2015-04-28,2015-08-15,2015-08-19
6980434746,4,2015-05-16;2015-06-13;2015-07-10;2015-07-26,2015-06-06;2015-07-09;2015-07-26,2015-08-19
4345724251,1,2014-05-24,,2015-08-19
3379597805,3,2015-07-24;2015-07-29;2015-08-18,2015-07-29;2015-08-18,2015-08-19
5801463353,4,2015-05-13;2015-06-05;2015-06-21;2015-07-06,2015-06-03;2015-06-20;2015-07-05;2015-07-28,2015-08-19
3116973938,1,2015-07-28,2015-08-14,2015-08-19
1907063151,3,2015-07-17;2015-07-21;2015-07-28,2015-07-21;2015-07-26,2015-08-19
8466486442,3,2015-06-21;2015-07-12;2015-08-02,2015-07-12;2015-08-02,2015-08-19
2158215982,4,2015-07-07;2015-07-18;2015-07-25;2015-08-14,2015-07-18;2015-07-25;2015-08-14,2015-08-19
1532148947,2,2015-03-12;2015-03-25,2015-03-25,2015-08-19
4974853726,5,2015-06-02;2015-06-12;2015-06-27;2015-07-19;2015-08-08,2015-06-12;2015-06-27;2015-07-18;2015-08-08,2015-08-19
3096445519,2,2015-06-17;2015-07-18,2015-07-17,2015-08-19
8994467797,1,2014-06-14,,2015-08-19
4032452127,4,2015-07-18;2015-07-28;2015-08-07;2015-08-13,2015-07-24;2015-08-07;2015-08-13,2015-08-19
8406400743,1,2014-08-20,,2015-08-19
9578209515,14,2015-02-23;2015-03-11;2015-03-25;2015-04-08;2015-04-21;2015-05-07;2015-05-07;2015-05-23;2015-06-07;2015-06-21;2015-07-08;2015-07-22;2015-08-06;2015-08-19,2015-03-11;2015-03-25;2015-04-04;2015-04-20;2015-05-07;2015-05-07;2015-05-23;2015-06-07;2015-06-21;2015-07-07;2015-08-06;2015-08-19,2015-08-19
3751323480,2,2015-07-15;2015-08-08,2015-08-04,2015-08-19
5958664143,1,2014-06-03,,2015-08-19
2693128770,1,2014-10-09,,2015-08-19
9881053673,9,2015-01-29;2015-02-16;2015-03-11;2015-04-17;2015-05-17;2015-06-09;2015-07-08;2015-08-08;2015-08-15,2015-02-15;2015-03-04;2015-04-07;2015-05-09;2015-06-06;2015-07-04;2015-08-08,2015-08-19
6386473095,16,2014-06-15;2014-07-01;2014-07-22;2014-08-07;2014-08-27;2014-09-17;2014-10-03;2014-10-25;2014-12-06;2014-12-24;2015-01-21;2015-02-13;2015-04-07;2015-06-05;2015-07-11;2015-08-07,2014-07-01;2014-07-22;2014-08-07;2014-08-27;2014-09-17;2014-10-03;2014-10-24;2014-12-06;2014-12-24;2015-01-21;2015-02-11;2015-04-06;2015-06-05;2015-07-11;2015-08-05,2015-08-19
8357321273,5,2015-02-26;2015-03-11;2015-03-25;2015-04-08;2015-04-28,2015-03-11;2015-03-25;2015-04-08;2015-04-28,2015-08-19
5468470748,1,2014-12-15,,2015-08-19
1295557792,7,2015-04-22;2015-05-11;2015-05-18;2015-05-25;2015-06-09;2015-06-27;2015-07-11,2015-05-11;2015-05-18;2015-05-25;2015-06-09;2015-06-27;2015-07-11,2015-08-19
4613150895,4,2015-06-17;2015-07-08;2015-07-22;2015-08-17,2015-07-07;2015-07-20;2015-08-12,2015-08-19
2269998618,3,2015-06-26;2015-07-17;2015-08-02,2015-07-16;2015-08-02,2015-08-19
2046310222,12,2015-01-29;2015-02-17;2015-03-10;2015-03-27;2015-04-10;2015-04-25;2015-05-11;2015-05-28;2015-06-19;2015-07-08;2015-07-28;2015-08-18,2015-02-14;2015-03-10;2015-03-27;2015-04-10;2015-04-25;2015-05-11;2015-05-28;2015-06-19;2015-07-08;2015-07-28;2015-08-18,2015-08-19
6298599815,1,2015-07-15,2015-07-24,2015-08-19
6975724414,3,2015-05-21;2015-06-08;2015-07-01,2015-06-06;2015-07-01,2015-08-19
2772007373,1,2015-07-27,,2015-08-19
9792719672,4,2015-06-07;2015-06-25;2015-07-18;2015-08-06,2015-06-18;2015-07-16;2015-08-06,2015-08-19
2974664625,3,2015-06-03;2015-06-08;2015-06-29,2015-06-08;2015-06-29,2015-08-19
7269987518,7,2015-03-03;2015-04-08;2015-04-21;2015-05-06;2015-05-26;2015-06-11;2015-06-30,2015-03-26;2015-04-21;2015-05-06;2015-05-26;2015-06-11;2015-06-30,2015-08-19
9137438176,2,2015-03-28;2015-05-05,2015-04-18,2015-08-19
1433787755,1,2015-07-15,,2015-08-19
4954349033,1,2015-07-23,,2015-08-19
1440291623,1,2015-03-26,,2015-08-19
5253564370,1,2015-05-26,,2015-08-19
5334896838,2,2014-04-15;2014-06-11,2014-06-09,2015-08-19
9714859999,2,2015-07-21;2015-08-15,2015-08-10,2015-08-19
1537358892,12,2015-04-18;2015-05-04;2015-05-18;2015-05-30;2015-06-10;2015-06-25;2015-07-03;2015-07-18;2015-07-20;2015-07-20;2015-07-24;2015-08-15,2015-05-04;2015-05-18;2015-05-30;2015-06-10;2015-06-25;2015-07-03;2015-07-18;2015-08-14,2015-08-19
2017422091,5,2015-06-22;2015-06-27;2015-07-08;2015-07-20;2015-07-31,2015-06-25;2015-07-07;2015-07-18;2015-07-31;2015-08-11,2015-08-19
3457818790,1,2015-06-13,2015-07-02,2015-08-19
2300851247,2,2015-06-16;2015-07-15,2015-07-09,2015-08-19
1892163498,1,2014-06-16,,2015-08-19
8195370829,5,2015-06-28;2015-07-12;2015-07-25;2015-07-31;2015-08-13,2015-07-12;2015-07-25,2015-08-19
1229057799,13,2015-03-24;2015-04-08;2015-04-20;2015-05-01;2015-05-15;2015-05-27;2015-06-06;2015-06-10;2015-06-17;2015-06-27;2015-07-11;2015-07-21;2015-08-04,2015-04-06;2015-04-20;2015-04-30;2015-05-15;2015-05-27;2015-06-05;2015-06-10;2015-06-17;2015-06-27;2015-07-11;2015-07-21;2015-08-04,2015-08-19
3307407390,1,2015-02-09,,2015-08-19
4540051772,9,2015-03-29;2015-04-03;2015-04-16;2015-05-05;2015-05-26;2015-06-15;2015-07-06;2015-07-26;2015-08-13,2015-04-02;2015-04-16;2015-05-05;2015-05-26;2015-06-09;2015-07-06;2015-07-26;2015-08-13,2015-08-19
9477378963,1,2014-11-14,,2015-08-19
5732259298,1,2015-04-20,,2015-08-19
8315543219,7,2015-02-18;2015-03-15;2015-04-12;2015-05-05;2015-05-22;2015-06-09;2015-08-19,2015-03-10;2015-04-08;2015-05-02;2015-05-22;2015-06-09;2015-07-11,2015-08-19
8451978998,8,2015-07-09;2015-07-14;2015-07-15;2015-07-20;2015-07-23;2015-07-29;2015-08-07;2015-08-15,2015-07-14;2015-07-15;2015-07-20;2015-07-23;2015-07-29;2015-08-07;2015-08-14,2015-08-19
6724414152,1,2015-03-25,2015-04-21,2015-08-19
4094268919,3,2015-07-18;2015-07-24;2015-07-31,2015-07-24;2015-07-30,2015-08-19
5783698569,6,2015-02-15;2015-03-06;2015-03-28;2015-04-18;2015-05-11;2015-05-29,2015-03-05;2015-03-27;2015-04-18;2015-05-10;2015-05-29,2015-08-19
1581673854,3,2015-06-24;2015-07-12;2015-07-30,2015-07-11;2015-07-30,2015-08-19
1121771521,2,2015-06-23;2015-07-09,2015-07-09,2015-08-19
2516578297,2,2015-07-15;2015-07-25,2015-07-22;2015-07-31,2015-08-19
9566466816,3,2015-06-22;2015-07-02;2015-08-18,2015-07-02;2015-08-18,2015-08-19
4050513050,2,2015-03-17;2015-03-31,2015-03-30,2015-08-19
5495666685,4,2015-04-01;2015-04-27;2015-05-30;2015-07-17,2015-04-21;2015-05-28;2015-06-20;2015-08-19,2015-08-19
7278699629,1,2015-04-19,,2015-08-19
5523890760,1,2015-05-30,,2015-08-19
1707284761,1,2015-07-12,,2015-08-19
4078124092,3,2015-07-13;2015-07-28;2015-08-08,2015-07-28;2015-08-08,2015-08-19
1464733109,4,2015-07-15;2015-07-24;2015-08-08;2015-08-15,2015-07-24;2015-08-08;2015-08-15,2015-08-19
1174725935,1,2015-07-28,2015-08-18,2015-08-19
4105742558,2,2014-07-06;2014-08-08,2014-07-24,2015-08-19
7875034267,6,2015-04-10;2015-04-10;2015-04-25;2015-05-17;2015-06-25;2015-08-05,2015-04-10;2015-04-25;2015-05-17;2015-06-23;2015-08-05,2015-08-19
4336726880,2,2015-06-03;2015-06-16,2015-06-16,2015-08-19
5517830861,5,2015-06-02;2015-06-08;2015-06-11;2015-06-27;2015-07-10,2015-06-08;2015-06-10;2015-06-27;2015-07-10,2015-08-19
2455988976,8,2015-05-22;2015-05-29;2015-06-03;2015-06-10;2015-06-25;2015-07-07;2015-07-31;2015-08-12,2015-05-26;2015-06-02;2015-06-09;2015-06-17;2015-07-02;2015-07-29;2015-08-09,2015-08-19
1649825327,2,2015-07-23;2015-07-30,2015-07-29,2015-08-19
2647495124,1,2015-06-27,,2015-08-19
7907830040,2,2015-07-16;2015-08-06,2015-08-01,2015-08-19
1810141165,1,2015-07-27,,2015-08-19
5626937841,2,2015-07-11;2015-07-19,2015-07-18,2015-08-19
7312055154,3,2015-07-24;2015-08-10;2015-08-17,2015-08-02;2015-08-11,2015-08-19
7573861449,2,2015-02-06;2015-03-05,2015-02-27;2015-03-27,2015-08-19
4473052530,1,2015-07-28,,2015-08-19
7589645523,1,2015-07-24,2015-07-31,2015-08-19
9386396081,4,2015-06-26;2015-07-07;2015-07-13;2015-07-30,2015-07-07;2015-07-13;2015-07-29,2015-08-19
6461406501,1,2014-11-04,,2015-08-19
3341030922,3,2015-07-24;2015-08-12;2015-08-17,2015-08-12;2015-08-16,2015-08-19
8098697604,3,2015-04-10;2015-06-23;2015-07-04,2015-06-22;2015-07-04,2015-08-19
5555593102,9,2015-05-06;2015-05-21;2015-05-29;2015-06-12;2015-06-19;2015-06-30;2015-07-17;2015-07-30;2015-08-12,2015-05-21;2015-05-29;2015-06-12;2015-06-19;2015-06-30;2015-07-17;2015-07-30;2015-08-12,2015-08-19
4578202269,4,2015-05-11;2015-05-25;2015-06-26;2015-07-24,2015-05-20;2015-06-17;2015-07-19;2015-08-15,2015-08-19
1983538252,16,2014-08-30;2014-09-17;2014-10-02;2014-10-13;2014-10-28;2014-11-12;2014-11-24;2014-12-10;2014-12-25;2015-01-09;2015-01-25;2015-02-09;2015-03-03;2015-03-23;2015-04-09;2015-06-02,2014-09-17;2014-10-02;2014-10-13;2014-10-28;2014-11-12;2014-11-24;2014-12-10;2014-12-24;2015-01-09;2015-01-24;2015-02-09;2015-03-03;2015-03-23;2015-04-09;2015-06-02,2015-08-19
1361970426,7,2015-05-12;2015-05-19;2015-05-19;2015-05-21;2015-05-25;2015-06-04;2015-06-16,2015-05-19;2015-05-19;2015-05-21;2015-05-25;2015-06-03;2015-06-16,2015-08-19
3913744037,3,2015-06-05;2015-06-11;2015-06-19,2015-06-10;2015-06-18,2015-08-19
6972053524,1,2015-07-27,,2015-08-19
5579357593,1,2015-07-24,,2015-08-19
6059655032,4,2015-07-22;2015-07-29;2015-07-30;2015-08-06,2015-07-29;2015-07-30;2015-08-06,2015-08-19
2515000128,4,2014-09-19;2014-10-02;2014-10-13;2014-11-04,2014-10-02;2014-10-13;2014-11-04,2015-08-19
4421733789,1,2014-08-07,,2015-08-19
7659385387,5,2015-03-29;2015-04-01;2015-04-08;2015-06-05;2015-07-02,2015-04-01;2015-04-06;2015-06-05;2015-07-02,2015-08-19
6680195461,1,2015-04-09,,2015-08-19
9821765598,5,2014-11-28;2014-12-18;2015-01-04;2015-01-19;2015-02-07,2014-12-17;2015-01-03;2015-01-18;2015-02-06,2015-08-19
8845067238,32,2014-10-02;2014-10-16;2014-11-03;2014-11-16;2014-12-06;2015-01-05;2015-01-13;2015-01-28;2015-02-06;2015-02-17;2015-02-26;2015-03-07;2015-03-18;2015-03-26;2015-03-31;2015-04-09;2015-04-15;2015-04-22;2015-04-30;2015-05-08;2015-05-16;2015-05-24;2015-06-02;2015-06-11;2015-06-18;2015-07-01;2015-07-09;2015-07-17;2015-07-25;2015-07-31;2015-08-13;2015-08-15,2014-10-15;2014-11-03;2014-11-16;2014-11-28;2014-12-17;2015-01-12;2015-01-28;2015-02-05;2015-02-16;2015-02-26;2015-03-06;2015-03-16;2015-03-26;2015-03-31;2015-04-08;2015-04-15;2015-04-22;2015-04-29;2015-05-08;2015-05-15;2015-05-24;2015-06-02;2015-06-10;2015-06-17;2015-07-01;2015-07-08;2015-07-16;2015-07-25;2015-07-31;2015-08-08;2015-08-15,2015-08-19
1048099395,1,2015-04-01,,2015-08-19
6851045436,2,2015-06-24;2015-07-28,2015-07-14;2015-08-18,2015-08-19
6551180719,1,2014-06-10,,2015-08-19
3577835738,1,2014-08-15,,2015-08-19
3427309387,3,2015-04-10;2015-04-14;2015-05-19,2015-04-14;2015-05-19,2015-08-19
2990471607,2,2015-07-26;2015-08-17,2015-08-17,2015-08-19
4712104880,1,2015-06-24,,2015-08-19
4498792920,1,2015-03-11,,2015-08-19
7232432889,1,2015-07-23,2015-08-07,2015-08-19
2830334836,18,2014-08-23;2014-09-12;2014-10-07;2014-10-29;2014-11-23;2014-12-10;2014-12-28;2015-01-15;2015-02-02;2015-02-16;2015-03-10;2015-04-02;2015-04-23;2015-05-11;2015-06-04;2015-06-26;2015-07-20;2015-08-04,2014-09-11;2014-10-04;2014-10-29;2014-11-19;2014-12-10;2014-12-28;2015-01-14;2015-02-02;2015-02-16;2015-03-09;2015-04-02;2015-04-22;2015-05-07;2015-06-01;2015-06-26;2015-07-20;2015-08-04,2015-08-19
1910843118,2,2015-04-14;2015-05-19,2015-05-19,2015-08-19
5445931408,3,2015-03-28;2015-03-29;2015-03-30,2015-03-29;2015-03-29,2015-08-19
7333394289,4,2015-05-21;2015-05-31;2015-06-21;2015-07-10,2015-05-30;2015-06-20;2015-07-09,2015-08-19
5695084415,3,2015-06-06;2015-06-11;2015-06-24,2015-06-11;2015-06-24,2015-08-19
3940996743,4,2015-06-24;2015-07-12;2015-07-20;2015-07-29,2015-07-11;2015-07-19;2015-07-29,2015-08-19
4497326671,1,2015-06-07,2015-06-30,2015-08-19
6371585770,1,2015-05-08,,2015-08-19
3535424654,1,2015-03-26,,2015-08-19
7526661511,3,2015-07-20;2015-08-01;2015-08-16,2015-07-30;2015-08-15,2015-08-19
8239972608,4,2015-06-18;2015-06-22;2015-07-02;2015-07-11,2015-06-22;2015-07-02;2015-07-11,2015-08-19
8812837743,8,2015-03-27;2015-04-15;2015-04-30;2015-05-25;2015-06-06;2015-06-28;2015-07-08;2015-08-08,2015-04-15;2015-04-30;2015-05-06;2015-06-06;2015-06-27;2015-07-08;2015-07-28;2015-08-14,2015-08-19
3902245778,4,2015-06-30;2015-07-14;2015-07-19;2015-07-28,2015-07-14;2015-07-19;2015-07-28,2015-08-19
8887062843,17,2015-03-28;2015-04-01;2015-04-08;2015-04-14;2015-04-21;2015-04-30;2015-05-07;2015-05-16;2015-05-25;2015-06-02;2015-06-10;2015-06-19;2015-06-28;2015-07-08;2015-07-23;2015-08-06;2015-08-19,2015-04-01;2015-04-08;2015-04-14;2015-04-21;2015-04-28;2015-05-07;2015-05-14;2015-05-21;2015-06-02;2015-06-10;2015-06-18;2015-06-25;2015-07-08;2015-07-23;2015-08-18,2015-08-19
3298734294,2,2015-06-05;2015-06-29,2015-06-27;2015-07-29,2015-08-19
5340508208,9,2015-05-08;2015-05-13;2015-05-20;2015-06-08;2015-06-17;2015-07-08;2015-07-28;2015-08-01;2015-08-01,2015-05-13;2015-05-18;2015-06-08;2015-06-17;2015-07-08;2015-07-28;2015-07-31,2015-08-19
8521033508,4,2014-05-22;2014-06-03;2014-06-18;2014-10-14,2014-06-03;2014-06-18;2014-07-03,2015-08-19
7936361384,3,2015-05-25;2015-06-10;2015-07-03,2015-06-09;2015-07-03,2015-08-19
5709904884,3,2015-06-15;2015-06-20;2015-06-22,2015-06-20;2015-06-22,2015-08-19
9516909367,1,2014-11-28,,2015-08-19
3030876671,1,2015-06-21,,2015-08-19
1023186466,3,2015-02-17;2015-04-13;2015-05-05,2015-04-08;2015-05-05,2015-08-19
7777626093,1,2014-07-29,,2015-08-19
5309412184,1,2014-10-22,,2015-08-19
5755633864,1,2015-07-18,,2015-08-19
5585643436,1,2014-05-04,2014-05-23,2015-08-19
6488838004,5,2015-04-01;2015-04-14;2015-05-04;2015-05-28;2015-06-23,2015-04-13;2015-05-04;2015-05-28;2015-06-23,2015-08-19
8485736177,1,2015-02-18,,2015-08-19
2003490834,3,2015-06-25;2015-07-17;2015-08-07,2015-07-16;2015-08-07,2015-08-19
3757970868,1,2014-06-03,,2015-08-19
1975138991,3,2015-06-02;2015-07-17;2015-08-06,2015-07-11;2015-08-06,2015-08-19
6133370972,7,2014-08-12;2014-09-04;2014-09-26;2014-10-15;2014-11-01;2014-11-26;2014-12-16,2014-09-02;2014-09-25;2014-10-15;2014-10-31;2014-11-23;2014-12-16,2015-08-19
8931300972,4,2015-03-26;2015-04-07;2015-04-28;2015-05-25,2015-04-07;2015-04-28;2015-05-25,2015-08-19
1798185475,1,2015-03-26,,2015-08-19
7102879153,1,2015-04-01,,2015-08-19
5941788941,1,2015-06-20,,2015-08-19
1546979501,9,2015-04-09;2015-04-23;2015-05-07;2015-05-26;2015-06-11;2015-06-25;2015-07-18;2015-07-25;2015-08-15,2015-04-22;2015-05-07;2015-05-26;2015-06-09;2015-06-25;2015-07-16;2015-07-25;2015-08-15,2015-08-19
8634797091,7,2015-05-28;2015-06-04;2015-06-26;2015-07-06;2015-07-20;2015-07-23;2015-08-18,2015-06-04;2015-06-25;2015-06-30;2015-07-20;2015-07-22;2015-07-30,2015-08-19
4587521056,4,2015-07-21;2015-07-27;2015-08-04;2015-08-13,2015-07-27;2015-08-04;2015-08-13,2015-08-19
8143481783,1,2015-03-28,,2015-08-19
5371237857,4,2015-05-20;2015-06-03;2015-07-01;2015-07-28,2015-06-03;2015-06-25;2015-07-28,2015-08-19
5381855882,2,2015-05-22;2015-06-13,2015-06-12;2015-06-30,2015-08-19
7823111794,5,2015-07-16;2015-07-25;2015-08-01;2015-08-08;2015-08-15,2015-07-21;2015-08-01;2015-08-08;2015-08-15,2015-08-19
4950043625,1,2014-07-21,,2015-08-19
3985669270,3,2015-05-24;2015-07-06;2015-08-05,2015-06-14;2015-07-27,2015-08-19
6366858080,1,2015-05-08,,2015-08-19
3631351360,4,2015-04-12;2015-05-08;2015-05-28;2015-06-23,2015-05-04;2015-05-26;2015-06-23,2015-08-19
3899747029,3,2015-06-23;2015-06-30;2015-07-06,2015-06-30;2015-07-05,2015-08-19
2876643470,1,2015-01-29,,2015-08-19
9789281998,9,2015-01-12;2015-02-03;2015-02-26;2015-03-25;2015-04-11;2015-05-05;2015-05-29;2015-06-30;2015-07-22,2015-02-02;2015-02-10;2015-03-19;2015-04-11;2015-04-21;2015-05-25;2015-06-05;2015-07-21;2015-08-09,2015-08-19
1800018025,4,2015-06-19;2015-07-03;2015-07-16;2015-08-07,2015-07-03;2015-07-16;2015-08-06,2015-08-19
1586610549,7,2015-05-28;2015-06-13;2015-06-20;2015-06-27;2015-07-03;2015-07-03;2015-07-15,2015-06-13;2015-06-20;2015-06-27;2015-07-03;2015-07-03;2015-07-15,2015-08-19
1283470047,4,2015-05-21;2015-06-08;2015-07-09;2015-08-04,2015-06-07;2015-06-29;2015-07-30,2015-08-19
2048939339,2,2015-02-26;2015-03-20,2015-03-20,2015-08-19
6053141354,1,2015-06-21,2015-08-19,2015-08-19
9229511691,1,2014-11-29,,2015-08-19
6374108329,1,2015-03-28,2015-04-18,2015-08-19
4017268696,2,2014-05-03;2015-08-10,2014-06-14,2015-08-19
4350866554,3,2015-06-06;2015-06-13;2015-07-01,2015-06-13;2015-07-01,2015-08-19
1181013496,10,2015-04-02;2015-04-09;2015-04-15;2015-04-22;2015-04-30;2015-05-07;2015-05-14;2015-05-20;2015-05-27;2015-06-03,2015-04-09;2015-04-15;2015-04-22;2015-04-29;2015-05-07;2015-05-14;2015-05-20;2015-05-27;2015-06-03,2015-08-19
1647229846,6,2015-04-24;2015-05-10;2015-05-31;2015-06-18;2015-07-06;2015-08-01,2015-05-09;2015-05-31;2015-06-17;2015-07-06;2015-07-27,2015-08-19
6127043037,2,2015-06-19;2015-07-21,2015-07-09;2015-08-09,2015-08-19
9317300927,1,2015-07-16,,2015-08-19
3388645937,2,2015-06-17;2015-07-11,2015-07-08;2015-08-10,2015-08-19
6887884618,4,2015-01-14;2015-02-05;2015-03-05;2015-04-07,2015-02-04;2015-02-26;2015-03-26,2015-08-19
1096962239,1,2014-07-19,,2015-08-19
3260671459,1,2015-03-20,,2015-08-19
2063379792,6,2014-08-13;2014-11-08;2014-11-30;2015-01-31;2015-03-31;2015-06-06,2014-10-08;2014-11-17;2015-01-28;2015-03-05;2015-05-21,2015-08-19
2381042959,15,2014-08-07;2014-12-02;2014-12-24;2015-01-09;2015-01-28;2015-02-10;2015-03-07;2015-03-29;2015-04-08;2015-04-30;2015-05-20;2015-06-05;2015-06-12;2015-06-23;2015-07-08,2014-08-29;2014-12-23;2015-01-01;2015-01-21;2015-02-09;2015-03-06;2015-03-28;2015-04-08;2015-04-29;2015-05-20;2015-06-05;2015-06-12;2015-06-23;2015-07-08,2015-08-19
5527448981,1,2015-06-02,2015-06-23,2015-08-19
9467238896,2,2015-03-29;2015-04-13,2015-04-13,2015-08-19
9972724218,7,2015-05-02;2015-05-16;2015-06-02;2015-06-12;2015-06-21;2015-07-05;2015-07-28,2015-05-14;2015-06-02;2015-06-12;2015-06-21;2015-07-02;2015-07-24,2015-08-19
6240051417,1,2015-03-31,,2015-08-19
7079410217,3,2015-06-25;2015-07-13;2015-07-31,2015-07-13;2015-07-31,2015-08-19
9308939887,6,2015-02-08;2015-03-09;2015-04-30;2015-05-24;2015-06-28;2015-07-28,2015-03-01;2015-03-30;2015-05-21;2015-06-14;2015-07-17;2015-08-18,2015-08-19
1512042465,1,2015-04-14,,2015-08-19
6490017335,1,2015-07-27,,2015-08-19
7540101434,2,2014-07-16;2014-10-31,2014-08-03,2015-08-19
7152353641,3,2014-09-20;2014-11-14;2014-11-28,2014-10-05;2014-11-28,2015-08-19
6149299222,1,2014-12-11,,2015-08-19
5080754334,3,2015-06-09;2015-07-10;2015-08-09,2015-06-30;2015-07-30,2015-08-19
5647000446,17,2014-10-22;2014-10-30;2014-11-17;2014-12-01;2014-12-26;2015-01-10;2015-02-09;2015-03-08;2015-03-13;2015-03-20;2015-04-08;2015-05-23;2015-05-29;2015-06-10;2015-06-27;2015-07-08;2015-07-12,2014-10-29;2014-11-13;2014-12-01;2014-12-24;2015-01-10;2015-02-06;2015-03-08;2015-03-13;2015-03-20;2015-04-08;2015-05-23;2015-05-29;2015-06-10;2015-06-27;2015-07-08;2015-07-12,2015-08-19
1315659637,1,2015-05-01,,2015-08-19
9553513134,1,2014-09-15,,2015-08-19
2534163140,3,2015-06-27;2015-07-25;2015-08-19,2015-07-25;2015-08-19,2015-08-19
5534019509,14,2014-08-31;2014-10-22;2014-11-12;2014-12-06;2014-12-24;2015-01-16;2015-02-13;2015-03-17;2015-04-08;2015-04-28;2015-06-15;2015-07-06;2015-08-05;2015-08-15,2014-09-17;2014-11-11;2014-12-02;2014-12-24;2015-01-14;2015-02-05;2015-03-03;2015-04-03;2015-04-28;2015-06-08;2015-07-06;2015-08-04;2015-08-15,2015-08-19
4202412536,3,2015-07-27;2015-08-04;2015-08-09,2015-08-04;2015-08-08,2015-08-19
7469550321,2,2015-06-25;2015-08-11,2015-07-13,2015-08-19
3967732927,1,2014-05-21,,2015-08-19
7814589083,9,2015-05-11;2015-05-26;2015-06-03;2015-06-06;2015-06-18;2015-07-09;2015-07-18;2015-07-28;2015-08-11,2015-05-26;2015-06-03;2015-06-06;2015-06-18;2015-07-09;2015-07-18;2015-07-27;2015-08-11,2015-08-19
1959560917,2,2015-05-25;2015-06-08,2015-06-08,2015-08-19
9757571386,4,2015-05-21;2015-05-31;2015-06-25;2015-08-16,2015-05-29;2015-06-21;2015-08-15,2015-08-19
7801042321,4,2014-08-09;2014-08-29;2014-09-14;2014-10-03,2014-08-29;2014-09-13;2014-10-03,2015-08-19
3555490492,1,2015-01-28,,2015-08-19
9896789006,1,2014-12-20,,2015-08-19
7867185883,1,2015-03-10,,2015-08-19
4966440067,1,2014-07-28,,2015-08-19
7234829584,1,2014-08-20,,2015-08-19
4178348652,3,2015-07-20;2015-07-30;2015-08-19,2015-07-27;2015-08-19,2015-08-19
7664147584,11,2014-09-23;2014-10-02;2014-10-08;2014-10-18;2014-11-06;2014-11-23;2014-12-11;2014-12-26;2015-01-11;2015-01-18;2015-01-27,2014-10-02;2014-10-08;2014-10-18;2014-10-25;2014-11-13;2014-12-04;2014-12-26;2015-01-11;2015-01-18;2015-01-26,2015-08-19
9465714466,3,2015-03-30;2015-04-01;2015-05-06,2015-04-01;2015-05-04,2015-08-19
3753586759,1,2014-12-06,,2015-08-19
4883399518,2,2015-04-02;2015-04-03,2015-04-03,2015-08-19
1482204423,1,2014-07-13,,2015-08-19
9442171425,2,2015-06-04;2015-06-18,2015-06-16,2015-08-19
1957977001,1,2014-08-25,,2015-08-19
1909028856,7,2015-04-14;2015-04-22;2015-05-19;2015-05-19;2015-06-05;2015-07-06;2015-07-15,2015-04-15;2015-05-15;2015-05-19;2015-05-29;2015-07-01;2015-07-15,2015-08-19
8600102728,2,2015-07-04;2015-07-15,2015-07-15,2015-08-19
6025279345,2,2015-03-24;2015-05-16,2015-04-09;2015-06-26,2015-08-19
3391915571,6,2015-05-22;2015-06-02;2015-06-16;2015-06-29;2015-07-15;2015-07-31,2015-05-28;2015-06-16;2015-06-19;2015-07-15;2015-07-28,2015-08-19
8751507835,1,2014-11-03,,2015-08-19
7546148851,7,2015-05-13;2015-06-06;2015-06-20;2015-07-06;2015-07-18;2015-08-02;2015-08-13,2015-06-03;2015-06-20;2015-07-05;2015-07-18;2015-08-01;2015-08-10,2015-08-19
5339810676,3,2015-07-11;2015-07-14;2015-08-01,2015-07-14;2015-07-31,2015-08-19
1584290807,2,2015-03-08;2015-04-01,2015-03-29,2015-08-19
3620626456,1,2014-05-27,,2015-08-19
7377428334,5,2015-04-26;2015-05-30;2015-06-24;2015-07-22;2015-08-11,2015-05-17;2015-06-19;2015-07-20;2015-08-11,2015-08-19
9583895012,3,2015-07-19;2015-07-30;2015-08-06,2015-07-30;2015-08-06,2015-08-19
7222539877,3,2015-04-16;2015-04-29;2015-05-06,2015-04-28;2015-05-05,2015-08-19
6525704875,2,2014-10-22;2014-12-14,2014-11-17,2015-08-19
4656510627,1,2015-03-29,,2015-08-19
8296490133,1,2014-08-29,,2015-08-19
7425803316,3,2015-06-02;2015-06-24;2015-07-07,2015-06-23;2015-07-07,2015-08-19
3929235228,1,2014-07-22,2014-08-12,2015-08-19
6013334660,3,2015-05-22;2015-06-01;2015-07-17,2015-06-01;2015-07-08,2015-08-19
3937976240,3,2015-07-10;2015-08-02;2015-08-11,2015-07-29;2015-08-08;2015-08-18,2015-08-19
6774434683,1,2015-02-07,,2015-08-19
9019460943,6,2015-03-24;2015-04-15;2015-04-29;2015-05-15;2015-05-31;2015-06-30,2015-03-31;2015-04-28;2015-05-12;2015-05-31;2015-06-30,2015-08-19
1459514671,1,2014-10-01,,2015-08-19
2610695629,5,2015-06-11;2015-06-19;2015-06-25;2015-07-03;2015-07-10,2015-06-19;2015-06-25;2015-07-02;2015-07-10,2015-08-19
8519412104,7,2015-04-14;2015-05-06;2015-05-21;2015-06-06;2015-06-24;2015-07-11;2015-07-31,2015-05-05;2015-05-21;2015-06-06;2015-06-24;2015-07-11;2015-07-31,2015-08-19
8880381815,4,2015-06-04;2015-06-30;2015-07-10;2015-07-29,2015-06-23;2015-07-10;2015-07-29,2015-08-19
3276893093,5,2015-06-22;2015-06-29;2015-07-02;2015-07-13;2015-08-03,2015-06-29;2015-07-02;2015-07-13;2015-08-03,2015-08-19
7337409978,3,2015-04-02;2015-04-22;2015-05-12,2015-04-20;2015-05-11,2015-08-19
2524200246,5,2014-08-01;2014-08-20;2014-09-11;2014-10-02;2014-10-29,2014-08-20;2014-09-10;2014-10-02;2014-10-29,2015-08-19
2956620293,1,2015-05-26,,2015-08-19
6834166012,1,2015-03-06,,2015-08-19
8449258035,9,2014-05-02;2014-05-22;2014-06-12;2014-07-03;2014-07-24;2015-06-20;2015-07-08;2015-07-14;2015-08-05,2014-05-22;2014-06-12;2014-07-03;2014-07-24;2014-08-24;2015-07-08;2015-07-14,2015-08-19
1341618714,1,2014-05-08,,2015-08-19
2487119472,4,2015-03-24;2015-04-13;2015-05-11;2015-06-04,2015-04-13;2015-05-04;2015-06-02,2015-08-19
6690203041,1,2015-02-20,,2015-08-19
3263728602,3,2015-04-03;2015-05-02;2015-05-21,2015-04-17;2015-05-21,2015-08-19
7284641061,9,2014-08-21;2014-11-18;2014-12-06;2015-01-02;2015-02-16;2015-03-08;2015-03-18;2015-04-10;2015-04-15,2014-09-25;2014-11-28;2014-12-20;2015-02-04;2015-03-01;2015-03-18;2015-04-01;2015-04-15,2015-08-19
2001759865,3,2015-05-01;2015-06-02;2015-06-15,2015-06-02;2015-06-15,2015-08-19
5958277187,1,2015-04-16,2015-05-09,2015-08-19
5955541479,7,2015-03-06;2015-03-26;2015-04-09;2015-05-04;2015-06-09;2015-07-06;2015-08-08,2015-03-26;2015-04-09;2015-04-30;2015-06-05;2015-07-03;2015-08-06,2015-08-19
7780990687,1,2014-07-16,,2015-08-19
3413480258,1,2015-02-18,,2015-08-19
2172723080,3,2015-06-22;2015-07-21;2015-08-15,2015-07-20,2015-08-19
5275535713,9,2015-03-31;2015-04-14;2015-04-23;2015-05-02;2015-05-17;2015-05-31;2015-06-13;2015-07-01;2015-07-23,2015-04-14;2015-04-23;2015-05-02;2015-05-16;2015-05-31;2015-06-13;2015-07-01;2015-07-22,2015-08-19
2257223953,6,2015-06-03;2015-06-20;2015-06-22;2015-06-29;2015-07-14;2015-08-03,2015-06-20;2015-06-22;2015-06-29;2015-07-14;2015-08-03,2015-08-19
2673538543,14,2014-08-11;2014-09-04;2014-09-17;2014-09-27;2014-10-02;2014-10-08;2014-10-19;2014-11-05;2014-11-23;2014-12-20;2015-01-11;2015-02-05;2015-03-04;2015-05-01,2014-08-29;2014-09-16;2014-09-26;2014-10-02;2014-10-08;2014-10-18;2014-11-04;2014-11-21;2014-12-19;2015-01-10;2015-02-04;2015-03-04;2015-05-01,2015-08-19
6130454619,14,2014-08-30;2014-10-04;2014-10-18;2014-11-12;2014-12-27;2015-02-27;2015-03-04;2015-03-08;2015-03-11;2015-03-13;2015-03-27;2015-03-31;2015-04-10;2015-06-19,2014-09-28;2014-10-17;2014-11-03;2014-12-27;2015-02-27;2015-03-04;2015-03-08;2015-03-11;2015-03-12;2015-03-27;2015-03-31;2015-04-10;2015-06-17,2015-08-19
1832279919,2,2014-11-13;2014-12-12,2014-12-08,2015-08-19
5489995289,2,2015-03-24;2015-04-09,2015-04-09,2015-08-19
1810034989,6,2015-05-29;2015-06-19;2015-06-27;2015-07-11;2015-07-27;2015-08-18,2015-06-19;2015-06-26;2015-07-09;2015-07-27;2015-08-17,2015-08-19
9588203897,4,2015-04-03;2015-04-10;2015-04-17;2015-04-27,2015-04-10;2015-04-17;2015-04-27,2015-08-19
7958178899,1,2014-11-28,,2015-08-19
3006045400,1,2015-06-13,,2015-08-19
4664935120,3,2015-07-14;2015-07-24;2015-08-01,2015-07-23;2015-08-01,2015-08-19
6527431008,2,2015-04-25;2015-05-13,2015-05-13;2015-07-19,2015-08-19
1628091660,2,2015-07-16;2015-08-12,2015-08-10,2015-08-19
8548843141,2,2014-04-11;2014-04-14,2014-04-10,2015-08-19
4368145247,1,2015-07-26,,2015-08-19
2772992716,1,2015-06-22,,2015-08-19
3962836465,5,2015-04-12;2015-05-01;2015-05-14;2015-06-03;2015-07-03,2015-04-30;2015-05-14;2015-06-03;2015-07-03,2015-08-19
5773051173,3,2015-06-10;2015-06-29;2015-07-24,2015-06-24;2015-07-12,2015-08-19
7555552124,5,2015-01-08;2015-01-30;2015-02-20;2015-03-12;2015-04-02,2015-01-28;2015-02-19;2015-03-12;2015-04-02,2015-08-19
1868497628,2,2014-11-12;2014-11-26,2014-11-25,2015-08-19
2623733104,10,2015-04-25;2015-05-05;2015-05-12;2015-05-20;2015-06-11;2015-06-24;2015-07-13;2015-07-27;2015-08-03;2015-08-18,2015-05-05;2015-05-11;2015-05-20;2015-06-10;2015-06-23;2015-07-13;2015-07-27;2015-08-03;2015-08-18,2015-08-19
2283557917,7,2014-05-02;2014-05-07;2014-05-16;2014-06-17;2014-07-09;2014-08-09;2014-09-25,2014-05-07;2014-05-16;2014-05-30;2014-07-05;2014-08-07;2014-09-25,2015-08-19
7357826278,4,2014-05-15;2014-06-08;2014-07-03;2014-07-25,2014-06-06;2014-07-02;2014-07-21,2015-08-19
9377789718,1,2014-11-28,,2015-08-19
9845828614,8,2015-06-11;2015-06-18;2015-06-25;2015-07-01;2015-07-02;2015-07-08;2015-07-20;2015-07-25,2015-06-18;2015-06-25;2015-06-29;2015-07-01;2015-07-08;2015-07-13;2015-07-24,2015-08-19
8707691098,1,2015-07-27,,2015-08-19
4883396224,2,2015-07-18;2015-08-15,2015-07-22,2015-08-19
5494601411,4,2015-05-29;2015-06-20;2015-07-07;2015-08-02,2015-06-12;2015-07-06;2015-07-28,2015-08-19
1107199557,6,2015-05-02;2015-05-27;2015-06-05;2015-06-20;2015-07-10;2015-08-09,2015-05-26;2015-06-03;2015-06-20;2015-07-09;2015-08-02,2015-08-19
5413136059,3,2015-07-16;2015-07-22;2015-07-30,2015-07-22;2015-07-30,2015-08-19
1557058434,8,2015-03-03;2015-03-19;2015-03-30;2015-04-08;2015-04-30;2015-05-21;2015-06-06;2015-07-03,2015-03-18;2015-03-29;2015-04-08;2015-04-29;2015-05-21;2015-06-05;2015-07-02,2015-08-19
6171176971,2,2015-07-27;2015-08-12,2015-08-09,2015-08-19
6754950264,4,2014-12-16;2015-01-05;2015-02-10;2015-03-20,2014-12-23;2015-01-28;2015-03-08;2015-04-06,2015-08-19
2201817874,2,2015-05-11;2015-06-23,2015-06-06,2015-08-19
9236601044,1,2014-08-02,,2015-08-19
7336338975,9,2015-05-30;2015-06-05;2015-06-11;2015-06-17;2015-07-03;2015-07-10;2015-07-23;2015-08-04;2015-08-19,2015-06-05;2015-06-11;2015-06-16;2015-07-03;2015-07-10;2015-08-04;2015-08-19,2015-08-19
6964827365,2,2015-03-27;2015-04-01,2015-04-01,2015-08-19
5916800459,1,2014-10-06,,2015-08-19
4042481303,1,2014-08-02,,2015-08-19
3995102460,2,2014-06-13;2014-07-04,2014-07-04,2015-08-19
6504272298,4,2015-07-28;2015-08-06;2015-08-13;2015-08-13,2015-08-05;2015-08-13;2015-08-13,2015-08-19
3119988297,3,2015-06-11;2015-06-29;2015-07-21,2015-06-27;2015-07-18;2015-08-11,2015-08-19
3537152988,1,2015-07-07,,2015-08-19
5638293141,1,2014-09-06,,2015-08-19
6845264174,1,2014-09-10,,2015-08-19
4004233755,5,2015-03-28;2015-04-25;2015-05-21;2015-06-21;2015-07-23,2015-04-18;2015-05-02;2015-06-13;2015-06-30;2015-08-15,2015-08-19
2736962869,4,2015-06-24;2015-07-07;2015-07-28;2015-08-14,2015-07-06;2015-07-28;2015-08-14,2015-08-19
5729162586,2,2015-05-25;2015-08-11,2015-06-09,2015-08-19
4884216169,2,2015-03-26;2015-04-09,2015-04-02,2015-08-19
1415981696,3,2015-07-13;2015-08-07;2015-08-14,2015-08-05;2015-08-14,2015-08-19
8677322348,2,2014-07-13;2014-08-03,2014-08-02,2015-08-19
3174864023,3,2014-12-16;2015-01-09;2015-02-02,2015-01-03;2015-01-18;2015-03-05,2015-08-19
9568664366,3,2015-03-25;2015-04-19;2015-06-26,2015-04-17;2015-05-10,2015-08-19
6425890823,3,2015-05-29;2015-06-20;2015-06-28,2015-06-19;2015-06-28,2015-08-19
8419449580,3,2015-06-25;2015-07-19;2015-08-10,2015-07-16;2015-08-09,2015-08-19
4530705086,1,2014-07-14,,2015-08-19
7161900629,1,2015-07-29,,2015-08-19
9448842124,2,2015-07-18;2015-08-10,2015-08-08,2015-08-19
